timestamp, name, utilization.gpu [%], utilization.memory [%], memory.used [MiB], power.draw [W], temperature.gpu, clocks.current.graphics [MHz], clocks.current.memory [MHz], clocks_event_reasons.active
2026/05/01 13:28:19.540, NVIDIA GeForce RTX 4060 Laptop GPU, 0 %, 0 %, 147 MiB, 2.02 W, 39, 210 MHz, 405 MHz, 0x0000000000000001
2026/05/01 13:28:20.046, NVIDIA GeForce RTX 4060 Laptop GPU, 0 %, 0 %, 147 MiB, 2.02 W, 39, 210 MHz, 405 MHz, 0x0000000000000001
2026/05/01 13:28:20.558, NVIDIA GeForce RTX 4060 Laptop GPU, 0 %, 2 %, 147 MiB, 2.02 W, 39, 210 MHz, 405 MHz, 0x0000000000000001
2026/05/01 13:28:21.067, NVIDIA GeForce RTX 4060 Laptop GPU, 0 %, 2 %, 147 MiB, 2.02 W, 39, 210 MHz, 405 MHz, 0x0000000000000001
2026/05/01 13:28:21.576, NVIDIA GeForce RTX 4060 Laptop GPU, 0 %, 0 %, 147 MiB, 2.03 W, 39, 210 MHz, 405 MHz, 0x0000000000000001
2026/05/01 13:28:22.080, NVIDIA GeForce RTX 4060 Laptop GPU, 0 %, 0 %, 147 MiB, 2.03 W, 39, 210 MHz, 405 MHz, 0x0000000000000001
2026/05/01 13:28:22.589, NVIDIA GeForce RTX 4060 Laptop GPU, 0 %, 0 %, 147 MiB, 2.04 W, 39, 210 MHz, 405 MHz, 0x0000000000000001
2026/05/01 13:28:23.098, NVIDIA GeForce RTX 4060 Laptop GPU, 0 %, 0 %, 147 MiB, 2.04 W, 39, 210 MHz, 405 MHz, 0x0000000000000001
2026/05/01 13:28:23.609, NVIDIA GeForce RTX 4060 Laptop GPU, 0 %, 0 %, 147 MiB, 2.05 W, 39, 210 MHz, 405 MHz, 0x0000000000000001
2026/05/01 13:28:24.112, NVIDIA GeForce RTX 4060 Laptop GPU, 0 %, 0 %, 147 MiB, 2.05 W, 39, 210 MHz, 405 MHz, 0x0000000000000001
2026/05/01 13:28:24.621, NVIDIA GeForce RTX 4060 Laptop GPU, 0 %, 0 %, 147 MiB, 2.05 W, 39, 210 MHz, 405 MHz, 0x0000000000000001
2026/05/01 13:28:25.135, NVIDIA GeForce RTX 4060 Laptop GPU, 0 %, 0 %, 147 MiB, 2.05 W, 39, 210 MHz, 405 MHz, 0x0000000000000001
2026/05/01 13:28:25.651, NVIDIA GeForce RTX 4060 Laptop GPU, 0 %, 0 %, 147 MiB, 2.82 W, 39, 210 MHz, 405 MHz, 0x0000000000000001
2026/05/01 13:28:26.153, NVIDIA GeForce RTX 4060 Laptop GPU, 0 %, 0 %, 147 MiB, 2.82 W, 39, 210 MHz, 405 MHz, 0x0000000000000001
2026/05/01 13:28:26.660, NVIDIA GeForce RTX 4060 Laptop GPU, 0 %, 0 %, 147 MiB, 2.14 W, 40, 210 MHz, 405 MHz, 0x0000000000000001
2026/05/01 13:28:27.166, NVIDIA GeForce RTX 4060 Laptop GPU, 0 %, 0 %, 147 MiB, 2.14 W, 40, 210 MHz, 405 MHz, 0x0000000000000001
2026/05/01 13:28:27.674, NVIDIA GeForce RTX 4060 Laptop GPU, 0 %, 0 %, 147 MiB, 2.11 W, 41, 210 MHz, 405 MHz, 0x0000000000000001
2026/05/01 13:28:28.183, NVIDIA GeForce RTX 4060 Laptop GPU, 0 %, 0 %, 147 MiB, 2.11 W, 41, 210 MHz, 405 MHz, 0x0000000000000001
2026/05/01 13:28:28.691, NVIDIA GeForce RTX 4060 Laptop GPU, 0 %, 1 %, 147 MiB, 2.37 W, 41, 210 MHz, 405 MHz, 0x0000000000000001
2026/05/01 13:28:29.193, NVIDIA GeForce RTX 4060 Laptop GPU, 0 %, 1 %, 147 MiB, 2.37 W, 41, 210 MHz, 405 MHz, 0x0000000000000001
2026/05/01 13:28:29.694, NVIDIA GeForce RTX 4060 Laptop GPU, 0 %, 0 %, 147 MiB, 3.23 W, 41, 210 MHz, 405 MHz, 0x0000000000000001
2026/05/01 13:28:30.195, NVIDIA GeForce RTX 4060 Laptop GPU, 0 %, 0 %, 147 MiB, 3.23 W, 41, 210 MHz, 405 MHz, 0x0000000000000001
2026/05/01 13:28:30.696, NVIDIA GeForce RTX 4060 Laptop GPU, 0 %, 0 %, 147 MiB, 2.07 W, 40, 210 MHz, 405 MHz, 0x0000000000000001
2026/05/01 13:28:31.200, NVIDIA GeForce RTX 4060 Laptop GPU, 0 %, 0 %, 147 MiB, 2.07 W, 40, 210 MHz, 405 MHz, 0x0000000000000001
2026/05/01 13:28:31.705, NVIDIA GeForce RTX 4060 Laptop GPU, 0 %, 0 %, 147 MiB, 2.07 W, 40, 210 MHz, 405 MHz, 0x0000000000000001
2026/05/01 13:28:32.207, NVIDIA GeForce RTX 4060 Laptop GPU, 0 %, 0 %, 147 MiB, 2.07 W, 40, 210 MHz, 405 MHz, 0x0000000000000001
2026/05/01 13:28:32.708, NVIDIA GeForce RTX 4060 Laptop GPU, 0 %, 0 %, 147 MiB, 2.07 W, 40, 210 MHz, 405 MHz, 0x0000000000000001
2026/05/01 13:28:33.213, NVIDIA GeForce RTX 4060 Laptop GPU, 0 %, 0 %, 147 MiB, 2.07 W, 40, 210 MHz, 405 MHz, 0x0000000000000001
2026/05/01 13:28:33.722, NVIDIA GeForce RTX 4060 Laptop GPU, 0 %, 5 %, 147 MiB, 2.11 W, 40, 210 MHz, 405 MHz, 0x0000000000000001
2026/05/01 13:28:34.230, NVIDIA GeForce RTX 4060 Laptop GPU, 0 %, 5 %, 147 MiB, 2.11 W, 40, 210 MHz, 405 MHz, 0x0000000000000001
2026/05/01 13:28:34.734, NVIDIA GeForce RTX 4060 Laptop GPU, 0 %, 0 %, 147 MiB, 2.09 W, 41, 210 MHz, 405 MHz, 0x0000000000000001
2026/05/01 13:28:35.244, NVIDIA GeForce RTX 4060 Laptop GPU, 0 %, 0 %, 147 MiB, 2.55 W, 41, 210 MHz, 405 MHz, 0x0000000000000001
2026/05/01 13:28:35.746, NVIDIA GeForce RTX 4060 Laptop GPU, 0 %, 0 %, 147 MiB, 16.77 W, 42, 2250 MHz, 8001 MHz, 0x0000000000000001
2026/05/01 13:28:36.255, NVIDIA GeForce RTX 4060 Laptop GPU, 0 %, 0 %, 147 MiB, 19.01 W, 42, 2250 MHz, 8001 MHz, 0x0000000000000001
2026/05/01 13:28:36.756, NVIDIA GeForce RTX 4060 Laptop GPU, 0 %, 0 %, 147 MiB, 18.94 W, 42, 2250 MHz, 8001 MHz, 0x0000000000000001
2026/05/01 13:28:37.268, NVIDIA GeForce RTX 4060 Laptop GPU, 0 %, 0 %, 147 MiB, 18.94 W, 42, 2250 MHz, 8001 MHz, 0x0000000000000001
2026/05/01 13:28:37.775, NVIDIA GeForce RTX 4060 Laptop GPU, 0 %, 0 %, 147 MiB, 18.88 W, 43, 2250 MHz, 8001 MHz, 0x0000000000000001
2026/05/01 13:28:38.283, NVIDIA GeForce RTX 4060 Laptop GPU, 0 %, 0 %, 147 MiB, 18.88 W, 43, 2250 MHz, 8001 MHz, 0x0000000000000001
2026/05/01 13:28:38.786, NVIDIA GeForce RTX 4060 Laptop GPU, 0 %, 0 %, 147 MiB, 9.73 W, 41, 360 MHz, 405 MHz, 0x0000000000000001
2026/05/01 13:28:39.288, NVIDIA GeForce RTX 4060 Laptop GPU, 0 %, 0 %, 147 MiB, 9.73 W, 41, 360 MHz, 405 MHz, 0x0000000000000001
2026/05/01 13:28:39.789, NVIDIA GeForce RTX 4060 Laptop GPU, 0 %, 0 %, 147 MiB, 6.18 W, 41, 225 MHz, 405 MHz, 0x0000000000000001
2026/05/01 13:28:40.295, NVIDIA GeForce RTX 4060 Laptop GPU, 0 %, 0 %, 147 MiB, 6.18 W, 41, 225 MHz, 405 MHz, 0x0000000000000001
2026/05/01 13:28:40.803, NVIDIA GeForce RTX 4060 Laptop GPU, 0 %, 0 %, 147 MiB, 3.18 W, 41, 210 MHz, 405 MHz, 0x0000000000000001
2026/05/01 13:28:41.305, NVIDIA GeForce RTX 4060 Laptop GPU, 0 %, 0 %, 147 MiB, 3.18 W, 41, 210 MHz, 405 MHz, 0x0000000000000001
2026/05/01 13:28:41.808, NVIDIA GeForce RTX 4060 Laptop GPU, 0 %, 0 %, 147 MiB, 2.41 W, 41, 210 MHz, 405 MHz, 0x0000000000000001
2026/05/01 13:28:42.312, NVIDIA GeForce RTX 4060 Laptop GPU, 0 %, 0 %, 147 MiB, 2.41 W, 41, 210 MHz, 405 MHz, 0x0000000000000001
2026/05/01 13:28:42.819, NVIDIA GeForce RTX 4060 Laptop GPU, 0 %, 0 %, 147 MiB, 2.23 W, 41, 210 MHz, 405 MHz, 0x0000000000000001
2026/05/01 13:28:43.334, NVIDIA GeForce RTX 4060 Laptop GPU, 0 %, 0 %, 147 MiB, 2.23 W, 41, 210 MHz, 405 MHz, 0x0000000000000001
2026/05/01 13:28:43.841, NVIDIA GeForce RTX 4060 Laptop GPU, 0 %, 0 %, 147 MiB, 2.24 W, 41, 210 MHz, 405 MHz, 0x0000000000000001
2026/05/01 13:28:44.344, NVIDIA GeForce RTX 4060 Laptop GPU, 0 %, 0 %, 147 MiB, 2.24 W, 41, 210 MHz, 405 MHz, 0x0000000000000001
2026/05/01 13:28:44.845, NVIDIA GeForce RTX 4060 Laptop GPU, 0 %, 0 %, 147 MiB, 2.24 W, 41, 210 MHz, 405 MHz, 0x0000000000000001
2026/05/01 13:28:45.348, NVIDIA GeForce RTX 4060 Laptop GPU, 0 %, 0 %, 147 MiB, 2.24 W, 41, 210 MHz, 405 MHz, 0x0000000000000001
2026/05/01 13:28:45.849, NVIDIA GeForce RTX 4060 Laptop GPU, 0 %, 0 %, 196 MiB, 3.78 W, 42, 2250 MHz, 8001 MHz, 0x0000000000000001
2026/05/01 13:28:46.359, NVIDIA GeForce RTX 4060 Laptop GPU, 33 %, 4 %, 1633 MiB, 22.98 W, 43, 2250 MHz, 8001 MHz, 0x0000000000000001
2026/05/01 13:28:46.861, NVIDIA GeForce RTX 4060 Laptop GPU, 88 %, 15 %, 1639 MiB, 62.31 W, 54, 2505 MHz, 7001 MHz, 0x0000000000000000
2026/05/01 13:28:47.363, NVIDIA GeForce RTX 4060 Laptop GPU, 100 %, 14 %, 1639 MiB, 71.56 W, 55, 2505 MHz, 8001 MHz, 0x0000000000000000
2026/05/01 13:28:47.871, NVIDIA GeForce RTX 4060 Laptop GPU, 24 %, 4 %, 1639 MiB, 30.60 W, 45, 2505 MHz, 8001 MHz, 0x0000000000000000
2026/05/01 13:28:48.383, NVIDIA GeForce RTX 4060 Laptop GPU, 100 %, 14 %, 1639 MiB, 49.73 W, 55, 2505 MHz, 8001 MHz, 0x0000000000000000
2026/05/01 13:28:48.883, NVIDIA GeForce RTX 4060 Laptop GPU, 100 %, 14 %, 1639 MiB, 66.84 W, 55, 2505 MHz, 8001 MHz, 0x0000000000000000
2026/05/01 13:28:49.392, NVIDIA GeForce RTX 4060 Laptop GPU, 100 %, 14 %, 1639 MiB, 71.36 W, 56, 2505 MHz, 8001 MHz, 0x0000000000000000
2026/05/01 13:28:49.897, NVIDIA GeForce RTX 4060 Laptop GPU, 100 %, 14 %, 1639 MiB, 71.37 W, 56, 2505 MHz, 8001 MHz, 0x0000000000000000
2026/05/01 13:28:50.397, NVIDIA GeForce RTX 4060 Laptop GPU, 100 %, 14 %, 1639 MiB, 71.41 W, 57, 2505 MHz, 8001 MHz, 0x0000000000000000
2026/05/01 13:28:50.908, NVIDIA GeForce RTX 4060 Laptop GPU, 100 %, 14 %, 1639 MiB, 71.43 W, 57, 2505 MHz, 8001 MHz, 0x0000000000000000
2026/05/01 13:28:51.418, NVIDIA GeForce RTX 4060 Laptop GPU, 100 %, 14 %, 1639 MiB, 71.54 W, 57, 2505 MHz, 8001 MHz, 0x0000000000000000
2026/05/01 13:28:51.921, NVIDIA GeForce RTX 4060 Laptop GPU, 100 %, 14 %, 1639 MiB, 71.40 W, 57, 2505 MHz, 8001 MHz, 0x0000000000000000
2026/05/01 13:28:52.422, NVIDIA GeForce RTX 4060 Laptop GPU, 100 %, 14 %, 1639 MiB, 71.50 W, 57, 2505 MHz, 8001 MHz, 0x0000000000000000
2026/05/01 13:28:52.930, NVIDIA GeForce RTX 4060 Laptop GPU, 100 %, 14 %, 1639 MiB, 71.47 W, 57, 2505 MHz, 8001 MHz, 0x0000000000000000
2026/05/01 13:28:53.440, NVIDIA GeForce RTX 4060 Laptop GPU, 100 %, 14 %, 1639 MiB, 71.73 W, 58, 2505 MHz, 8001 MHz, 0x0000000000000000
2026/05/01 13:28:53.949, NVIDIA GeForce RTX 4060 Laptop GPU, 100 %, 14 %, 1639 MiB, 71.71 W, 58, 2505 MHz, 8001 MHz, 0x0000000000000000
2026/05/01 13:28:54.450, NVIDIA GeForce RTX 4060 Laptop GPU, 100 %, 14 %, 1639 MiB, 71.74 W, 59, 2505 MHz, 8001 MHz, 0x0000000000000000
2026/05/01 13:28:54.961, NVIDIA GeForce RTX 4060 Laptop GPU, 100 %, 14 %, 1639 MiB, 71.70 W, 58, 2505 MHz, 8001 MHz, 0x0000000000000000
2026/05/01 13:28:55.462, NVIDIA GeForce RTX 4060 Laptop GPU, 100 %, 14 %, 1639 MiB, 71.80 W, 59, 2505 MHz, 8001 MHz, 0x0000000000000000
2026/05/01 13:28:55.963, NVIDIA GeForce RTX 4060 Laptop GPU, 100 %, 14 %, 1639 MiB, 71.71 W, 58, 2505 MHz, 8001 MHz, 0x0000000000000000
2026/05/01 13:28:56.466, NVIDIA GeForce RTX 4060 Laptop GPU, 100 %, 14 %, 1639 MiB, 71.81 W, 59, 2505 MHz, 8001 MHz, 0x0000000000000000
2026/05/01 13:28:56.972, NVIDIA GeForce RTX 4060 Laptop GPU, 100 %, 14 %, 1639 MiB, 71.78 W, 59, 2505 MHz, 8001 MHz, 0x0000000000000000
2026/05/01 13:28:57.474, NVIDIA GeForce RTX 4060 Laptop GPU, 100 %, 14 %, 1639 MiB, 71.87 W, 60, 2505 MHz, 8001 MHz, 0x0000000000000000
2026/05/01 13:28:57.983, NVIDIA GeForce RTX 4060 Laptop GPU, 100 %, 14 %, 1639 MiB, 71.76 W, 60, 2505 MHz, 8001 MHz, 0x0000000000000000
2026/05/01 13:28:58.485, NVIDIA GeForce RTX 4060 Laptop GPU, 100 %, 14 %, 1639 MiB, 72.26 W, 60, 2505 MHz, 8001 MHz, 0x0000000000000000
2026/05/01 13:28:58.986, NVIDIA GeForce RTX 4060 Laptop GPU, 100 %, 14 %, 1639 MiB, 72.48 W, 60, 2505 MHz, 8001 MHz, 0x0000000000000000
2026/05/01 13:28:59.491, NVIDIA GeForce RTX 4060 Laptop GPU, 100 %, 14 %, 1639 MiB, 72.88 W, 60, 2505 MHz, 8001 MHz, 0x0000000000000000
2026/05/01 13:28:59.991, NVIDIA GeForce RTX 4060 Laptop GPU, 100 %, 14 %, 1639 MiB, 72.50 W, 60, 2505 MHz, 8001 MHz, 0x0000000000000000
2026/05/01 13:29:00.501, NVIDIA GeForce RTX 4060 Laptop GPU, 100 %, 14 %, 1639 MiB, 72.29 W, 61, 2505 MHz, 8001 MHz, 0x0000000000000000
2026/05/01 13:29:01.001, NVIDIA GeForce RTX 4060 Laptop GPU, 100 %, 14 %, 1639 MiB, 72.07 W, 61, 2505 MHz, 8001 MHz, 0x0000000000000000
2026/05/01 13:29:01.510, NVIDIA GeForce RTX 4060 Laptop GPU, 100 %, 14 %, 1639 MiB, 72.32 W, 61, 2505 MHz, 8001 MHz, 0x0000000000000000
2026/05/01 13:29:02.020, NVIDIA GeForce RTX 4060 Laptop GPU, 100 %, 14 %, 1639 MiB, 72.28 W, 61, 2505 MHz, 8001 MHz, 0x0000000000000000
2026/05/01 13:29:02.522, NVIDIA GeForce RTX 4060 Laptop GPU, 100 %, 14 %, 1639 MiB, 72.27 W, 61, 2505 MHz, 8001 MHz, 0x0000000000000000
2026/05/01 13:29:03.023, NVIDIA GeForce RTX 4060 Laptop GPU, 100 %, 14 %, 219 MiB, 71.94 W, 61, 2505 MHz, 8001 MHz, 0x0000000000000000
2026/05/01 13:29:03.523, NVIDIA GeForce RTX 4060 Laptop GPU, 3 %, 0 %, 154 MiB, 66.75 W, 53, 2505 MHz, 8001 MHz, 0x0000000000000000
2026/05/01 13:29:04.026, NVIDIA GeForce RTX 4060 Laptop GPU, 1 %, 0 %, 1504 MiB, 43.83 W, 51, 2505 MHz, 8001 MHz, 0x0000000000000000
2026/05/01 13:29:04.536, NVIDIA GeForce RTX 4060 Laptop GPU, 24 %, 5 %, 1687 MiB, 23.55 W, 57, 2505 MHz, 8001 MHz, 0x0000000000000000
2026/05/01 13:29:05.045, NVIDIA GeForce RTX 4060 Laptop GPU, 98 %, 16 %, 1687 MiB, 69.92 W, 60, 2505 MHz, 7001 MHz, 0x0000000000000000
2026/05/01 13:29:05.555, NVIDIA GeForce RTX 4060 Laptop GPU, 72 %, 11 %, 1687 MiB, 68.69 W, 54, 2505 MHz, 8001 MHz, 0x0000000000000000
2026/05/01 13:29:06.057, NVIDIA GeForce RTX 4060 Laptop GPU, 98 %, 14 %, 1687 MiB, 65.25 W, 61, 2490 MHz, 8001 MHz, 0x0000000000000000
2026/05/01 13:29:06.558, NVIDIA GeForce RTX 4060 Laptop GPU, 100 %, 14 %, 1687 MiB, 67.64 W, 61, 2490 MHz, 8001 MHz, 0x0000000000000000
2026/05/01 13:29:07.067, NVIDIA GeForce RTX 4060 Laptop GPU, 100 %, 14 %, 1687 MiB, 71.15 W, 62, 2490 MHz, 8001 MHz, 0x0000000000000000
2026/05/01 13:29:07.568, NVIDIA GeForce RTX 4060 Laptop GPU, 100 %, 14 %, 1687 MiB, 71.24 W, 62, 2490 MHz, 8001 MHz, 0x0000000000000000
2026/05/01 13:29:08.078, NVIDIA GeForce RTX 4060 Laptop GPU, 100 %, 14 %, 1687 MiB, 71.80 W, 62, 2490 MHz, 8001 MHz, 0x0000000000000000
2026/05/01 13:29:08.580, NVIDIA GeForce RTX 4060 Laptop GPU, 100 %, 15 %, 1687 MiB, 72.25 W, 62, 2490 MHz, 8001 MHz, 0x0000000000000000
2026/05/01 13:29:09.081, NVIDIA GeForce RTX 4060 Laptop GPU, 100 %, 14 %, 1687 MiB, 72.49 W, 62, 2490 MHz, 8001 MHz, 0x0000000000000000
2026/05/01 13:29:09.581, NVIDIA GeForce RTX 4060 Laptop GPU, 100 %, 14 %, 1687 MiB, 72.35 W, 62, 2490 MHz, 8001 MHz, 0x0000000000000000
2026/05/01 13:29:10.085, NVIDIA GeForce RTX 4060 Laptop GPU, 100 %, 14 %, 1687 MiB, 72.58 W, 63, 2490 MHz, 8001 MHz, 0x0000000000000000
2026/05/01 13:29:10.585, NVIDIA GeForce RTX 4060 Laptop GPU, 100 %, 15 %, 1687 MiB, 72.04 W, 62, 2490 MHz, 8001 MHz, 0x0000000000000000
2026/05/01 13:29:11.091, NVIDIA GeForce RTX 4060 Laptop GPU, 100 %, 14 %, 1687 MiB, 71.86 W, 63, 2490 MHz, 8001 MHz, 0x0000000000000000
2026/05/01 13:29:11.595, NVIDIA GeForce RTX 4060 Laptop GPU, 100 %, 14 %, 1687 MiB, 71.56 W, 63, 2490 MHz, 8001 MHz, 0x0000000000000000
2026/05/01 13:29:12.098, NVIDIA GeForce RTX 4060 Laptop GPU, 100 %, 14 %, 1687 MiB, 71.62 W, 63, 2490 MHz, 8001 MHz, 0x0000000000000000
2026/05/01 13:29:12.599, NVIDIA GeForce RTX 4060 Laptop GPU, 100 %, 15 %, 1687 MiB, 71.53 W, 63, 2490 MHz, 8001 MHz, 0x0000000000000000
2026/05/01 13:29:13.100, NVIDIA GeForce RTX 4060 Laptop GPU, 100 %, 14 %, 1687 MiB, 71.78 W, 64, 2490 MHz, 8001 MHz, 0x0000000000000000
2026/05/01 13:29:13.602, NVIDIA GeForce RTX 4060 Laptop GPU, 100 %, 14 %, 1687 MiB, 72.12 W, 64, 2490 MHz, 8001 MHz, 0x0000000000000000
2026/05/01 13:29:14.112, NVIDIA GeForce RTX 4060 Laptop GPU, 100 %, 14 %, 1687 MiB, 72.54 W, 64, 2490 MHz, 8001 MHz, 0x0000000000000000
2026/05/01 13:29:14.619, NVIDIA GeForce RTX 4060 Laptop GPU, 100 %, 14 %, 1687 MiB, 72.09 W, 64, 2490 MHz, 8001 MHz, 0x0000000000000000
2026/05/01 13:29:15.123, NVIDIA GeForce RTX 4060 Laptop GPU, 100 %, 15 %, 1687 MiB, 72.14 W, 64, 2490 MHz, 8001 MHz, 0x0000000000000000
2026/05/01 13:29:15.624, NVIDIA GeForce RTX 4060 Laptop GPU, 100 %, 14 %, 1687 MiB, 71.90 W, 64, 2490 MHz, 8001 MHz, 0x0000000000000000
2026/05/01 13:29:16.134, NVIDIA GeForce RTX 4060 Laptop GPU, 100 %, 15 %, 1687 MiB, 72.05 W, 64, 2490 MHz, 8001 MHz, 0x0000000000000000
2026/05/01 13:29:16.644, NVIDIA GeForce RTX 4060 Laptop GPU, 100 %, 14 %, 1687 MiB, 71.75 W, 64, 2490 MHz, 8001 MHz, 0x0000000000000000
2026/05/01 13:29:17.159, NVIDIA GeForce RTX 4060 Laptop GPU, 100 %, 14 %, 1687 MiB, 72.28 W, 65, 2490 MHz, 8001 MHz, 0x0000000000000000
2026/05/01 13:29:17.667, NVIDIA GeForce RTX 4060 Laptop GPU, 100 %, 14 %, 1687 MiB, 72.66 W, 64, 2490 MHz, 8001 MHz, 0x0000000000000000
2026/05/01 13:29:18.169, NVIDIA GeForce RTX 4060 Laptop GPU, 100 %, 15 %, 1687 MiB, 73.19 W, 65, 2490 MHz, 8001 MHz, 0x0000000000000000
2026/05/01 13:29:18.669, NVIDIA GeForce RTX 4060 Laptop GPU, 100 %, 14 %, 1687 MiB, 72.83 W, 64, 2490 MHz, 8001 MHz, 0x0000000000000000
2026/05/01 13:29:19.170, NVIDIA GeForce RTX 4060 Laptop GPU, 100 %, 15 %, 1687 MiB, 72.94 W, 65, 2490 MHz, 8001 MHz, 0x0000000000000000
2026/05/01 13:29:19.679, NVIDIA GeForce RTX 4060 Laptop GPU, 100 %, 14 %, 1687 MiB, 72.89 W, 65, 2490 MHz, 8001 MHz, 0x0000000000000000
2026/05/01 13:29:20.180, NVIDIA GeForce RTX 4060 Laptop GPU, 100 %, 15 %, 1687 MiB, 72.94 W, 65, 2490 MHz, 8001 MHz, 0x0000000000000000
2026/05/01 13:29:20.681, NVIDIA GeForce RTX 4060 Laptop GPU, 100 %, 15 %, 1687 MiB, 72.41 W, 65, 2490 MHz, 8001 MHz, 0x0000000000000000
2026/05/01 13:29:21.182, NVIDIA GeForce RTX 4060 Laptop GPU, 3 %, 0 %, 147 MiB, 66.34 W, 56, 2490 MHz, 8001 MHz, 0x0000000000000000
2026/05/01 13:29:21.688, NVIDIA GeForce RTX 4060 Laptop GPU, 0 %, 0 %, 147 MiB, 43.19 W, 55, 2490 MHz, 8001 MHz, 0x0000000000000000
2026/05/01 13:29:22.198, NVIDIA GeForce RTX 4060 Laptop GPU, 2 %, 0 %, 186 MiB, 22.71 W, 54, 2505 MHz, 8001 MHz, 0x0000000000000000
2026/05/01 13:29:22.699, NVIDIA GeForce RTX 4060 Laptop GPU, 21 %, 2 %, 617 MiB, 27.37 W, 55, 2505 MHz, 8001 MHz, 0x0000000000000000
2026/05/01 13:29:23.203, NVIDIA GeForce RTX 4060 Laptop GPU, 61 %, 4 %, 712 MiB, 30.57 W, 61, 2250 MHz, 8001 MHz, 0x0000000000000001
2026/05/01 13:29:23.707, NVIDIA GeForce RTX 4060 Laptop GPU, 91 %, 7 %, 713 MiB, 61.69 W, 62, 2250 MHz, 8001 MHz, 0x0000000000000001
2026/05/01 13:29:24.208, NVIDIA GeForce RTX 4060 Laptop GPU, 92 %, 8 %, 713 MiB, 78.19 W, 64, 2490 MHz, 8001 MHz, 0x0000000000000000
2026/05/01 13:29:24.709, NVIDIA GeForce RTX 4060 Laptop GPU, 84 %, 7 %, 713 MiB, 77.69 W, 68, 2490 MHz, 8001 MHz, 0x0000000000000000
2026/05/01 13:29:25.210, NVIDIA GeForce RTX 4060 Laptop GPU, 96 %, 8 %, 714 MiB, 79.76 W, 68, 2490 MHz, 8001 MHz, 0x0000000000000000
2026/05/01 13:29:25.711, NVIDIA GeForce RTX 4060 Laptop GPU, 84 %, 7 %, 714 MiB, 73.72 W, 68, 2490 MHz, 8001 MHz, 0x0000000000000000
2026/05/01 13:29:26.213, NVIDIA GeForce RTX 4060 Laptop GPU, 96 %, 8 %, 714 MiB, 80.00 W, 69, 2490 MHz, 8001 MHz, 0x0000000000000000
2026/05/01 13:29:26.723, NVIDIA GeForce RTX 4060 Laptop GPU, 85 %, 7 %, 714 MiB, 78.27 W, 68, 2490 MHz, 8001 MHz, 0x0000000000000000
2026/05/01 13:29:27.234, NVIDIA GeForce RTX 4060 Laptop GPU, 94 %, 8 %, 714 MiB, 78.38 W, 70, 2490 MHz, 8001 MHz, 0x0000000000000000
2026/05/01 13:29:27.736, NVIDIA GeForce RTX 4060 Laptop GPU, 89 %, 7 %, 714 MiB, 80.78 W, 68, 2490 MHz, 8001 MHz, 0x0000000000000000
2026/05/01 13:29:28.240, NVIDIA GeForce RTX 4060 Laptop GPU, 89 %, 7 %, 714 MiB, 78.80 W, 71, 2490 MHz, 8001 MHz, 0x0000000000000000
2026/05/01 13:29:28.741, NVIDIA GeForce RTX 4060 Laptop GPU, 93 %, 8 %, 714 MiB, 81.97 W, 67, 2490 MHz, 8001 MHz, 0x0000000000000000
2026/05/01 13:29:29.251, NVIDIA GeForce RTX 4060 Laptop GPU, 83 %, 7 %, 714 MiB, 71.55 W, 69, 2490 MHz, 8001 MHz, 0x0000000000000000
2026/05/01 13:29:29.752, NVIDIA GeForce RTX 4060 Laptop GPU, 96 %, 8 %, 714 MiB, 95.58 W, 71, 2490 MHz, 8001 MHz, 0x0000000000000000
2026/05/01 13:29:30.253, NVIDIA GeForce RTX 4060 Laptop GPU, 87 %, 7 %, 714 MiB, 79.76 W, 70, 2490 MHz, 8001 MHz, 0x0000000000000000
2026/05/01 13:29:30.754, NVIDIA GeForce RTX 4060 Laptop GPU, 94 %, 8 %, 714 MiB, 81.05 W, 71, 2490 MHz, 8001 MHz, 0x0000000000000000
2026/05/01 13:29:31.256, NVIDIA GeForce RTX 4060 Laptop GPU, 90 %, 7 %, 714 MiB, 79.90 W, 70, 2490 MHz, 8001 MHz, 0x0000000000000000
2026/05/01 13:29:31.756, NVIDIA GeForce RTX 4060 Laptop GPU, 88 %, 7 %, 714 MiB, 78.96 W, 72, 2490 MHz, 8001 MHz, 0x0000000000000000
2026/05/01 13:29:32.258, NVIDIA GeForce RTX 4060 Laptop GPU, 95 %, 8 %, 714 MiB, 84.99 W, 69, 2490 MHz, 8001 MHz, 0x0000000000000000
2026/05/01 13:29:32.759, NVIDIA GeForce RTX 4060 Laptop GPU, 84 %, 7 %, 714 MiB, 79.61 W, 71, 2490 MHz, 8001 MHz, 0x0000000000000000
2026/05/01 13:29:33.260, NVIDIA GeForce RTX 4060 Laptop GPU, 96 %, 8 %, 715 MiB, 81.78 W, 71, 2490 MHz, 8001 MHz, 0x0000000000000000
2026/05/01 13:29:33.761, NVIDIA GeForce RTX 4060 Laptop GPU, 84 %, 7 %, 715 MiB, 79.51 W, 72, 2490 MHz, 8001 MHz, 0x0000000000000000
2026/05/01 13:29:34.262, NVIDIA GeForce RTX 4060 Laptop GPU, 97 %, 8 %, 715 MiB, 80.20 W, 71, 2490 MHz, 8001 MHz, 0x0000000000000000
2026/05/01 13:29:34.764, NVIDIA GeForce RTX 4060 Laptop GPU, 83 %, 7 %, 715 MiB, 79.35 W, 71, 2490 MHz, 8001 MHz, 0x0000000000000000
2026/05/01 13:29:35.273, NVIDIA GeForce RTX 4060 Laptop GPU, 96 %, 8 %, 715 MiB, 79.85 W, 73, 2490 MHz, 8001 MHz, 0x0000000000000000
2026/05/01 13:29:35.775, NVIDIA GeForce RTX 4060 Laptop GPU, 90 %, 7 %, 715 MiB, 80.25 W, 71, 2490 MHz, 8001 MHz, 0x0000000000000000
2026/05/01 13:29:36.276, NVIDIA GeForce RTX 4060 Laptop GPU, 88 %, 7 %, 715 MiB, 78.72 W, 73, 2490 MHz, 8001 MHz, 0x0000000000000000
2026/05/01 13:29:36.777, NVIDIA GeForce RTX 4060 Laptop GPU, 93 %, 8 %, 715 MiB, 79.99 W, 70, 2490 MHz, 8001 MHz, 0x0000000000000000
2026/05/01 13:29:37.277, NVIDIA GeForce RTX 4060 Laptop GPU, 87 %, 7 %, 715 MiB, 84.83 W, 73, 2490 MHz, 8001 MHz, 0x0000000000000000
2026/05/01 13:29:37.780, NVIDIA GeForce RTX 4060 Laptop GPU, 96 %, 8 %, 715 MiB, 81.13 W, 72, 2490 MHz, 8001 MHz, 0x0000000000000004
2026/05/01 13:29:38.288, NVIDIA GeForce RTX 4060 Laptop GPU, 82 %, 7 %, 177 MiB, 79.83 W, 73, 2490 MHz, 8001 MHz, 0x0000000000000000
2026/05/01 13:29:38.798, NVIDIA GeForce RTX 4060 Laptop GPU, 0 %, 0 %, 147 MiB, 62.13 W, 61, 2490 MHz, 8001 MHz, 0x0000000000000000
2026/05/01 13:29:39.298, NVIDIA GeForce RTX 4060 Laptop GPU, 0 %, 0 %, 163 MiB, 23.02 W, 60, 2490 MHz, 8001 MHz, 0x0000000000000000
2026/05/01 13:29:39.808, NVIDIA GeForce RTX 4060 Laptop GPU, 16 %, 2 %, 573 MiB, 24.69 W, 60, 2490 MHz, 8001 MHz, 0x0000000000000000
2026/05/01 13:29:40.309, NVIDIA GeForce RTX 4060 Laptop GPU, 85 %, 3 %, 574 MiB, 34.00 W, 61, 2490 MHz, 8001 MHz, 0x0000000000000000
2026/05/01 13:29:40.812, NVIDIA GeForce RTX 4060 Laptop GPU, 98 %, 3 %, 574 MiB, 33.49 W, 62, 2490 MHz, 8001 MHz, 0x0000000000000000
2026/05/01 13:29:41.313, NVIDIA GeForce RTX 4060 Laptop GPU, 97 %, 3 %, 574 MiB, 35.60 W, 62, 2490 MHz, 8001 MHz, 0x0000000000000000
2026/05/01 13:29:41.814, NVIDIA GeForce RTX 4060 Laptop GPU, 99 %, 3 %, 574 MiB, 35.72 W, 62, 2490 MHz, 8001 MHz, 0x0000000000000000
2026/05/01 13:29:42.324, NVIDIA GeForce RTX 4060 Laptop GPU, 97 %, 3 %, 574 MiB, 35.62 W, 62, 2490 MHz, 8001 MHz, 0x0000000000000000
2026/05/01 13:29:42.824, NVIDIA GeForce RTX 4060 Laptop GPU, 99 %, 3 %, 574 MiB, 35.63 W, 62, 2490 MHz, 8001 MHz, 0x0000000000000000
2026/05/01 13:29:43.334, NVIDIA GeForce RTX 4060 Laptop GPU, 97 %, 3 %, 574 MiB, 35.90 W, 61, 2490 MHz, 8001 MHz, 0x0000000000000000
2026/05/01 13:29:43.835, NVIDIA GeForce RTX 4060 Laptop GPU, 99 %, 3 %, 574 MiB, 35.71 W, 62, 2490 MHz, 8001 MHz, 0x0000000000000000
2026/05/01 13:29:44.345, NVIDIA GeForce RTX 4060 Laptop GPU, 97 %, 3 %, 574 MiB, 35.45 W, 61, 2490 MHz, 8001 MHz, 0x0000000000000000
2026/05/01 13:29:44.846, NVIDIA GeForce RTX 4060 Laptop GPU, 99 %, 3 %, 574 MiB, 35.56 W, 61, 2490 MHz, 8001 MHz, 0x0000000000000000
2026/05/01 13:29:45.351, NVIDIA GeForce RTX 4060 Laptop GPU, 97 %, 3 %, 574 MiB, 35.60 W, 61, 2490 MHz, 8001 MHz, 0x0000000000000000
2026/05/01 13:29:45.853, NVIDIA GeForce RTX 4060 Laptop GPU, 99 %, 3 %, 574 MiB, 35.61 W, 61, 2490 MHz, 8001 MHz, 0x0000000000000000
2026/05/01 13:29:46.359, NVIDIA GeForce RTX 4060 Laptop GPU, 97 %, 3 %, 574 MiB, 34.94 W, 61, 2490 MHz, 8001 MHz, 0x0000000000000000
2026/05/01 13:29:46.867, NVIDIA GeForce RTX 4060 Laptop GPU, 99 %, 3 %, 574 MiB, 35.47 W, 62, 2490 MHz, 8001 MHz, 0x0000000000000000
2026/05/01 13:29:47.368, NVIDIA GeForce RTX 4060 Laptop GPU, 97 %, 3 %, 574 MiB, 35.60 W, 61, 2490 MHz, 8001 MHz, 0x0000000000000000
2026/05/01 13:29:47.877, NVIDIA GeForce RTX 4060 Laptop GPU, 99 %, 3 %, 574 MiB, 35.52 W, 62, 2490 MHz, 8001 MHz, 0x0000000000000000
2026/05/01 13:29:48.378, NVIDIA GeForce RTX 4060 Laptop GPU, 97 %, 3 %, 574 MiB, 35.62 W, 61, 2490 MHz, 8001 MHz, 0x0000000000000000
2026/05/01 13:29:48.887, NVIDIA GeForce RTX 4060 Laptop GPU, 99 %, 3 %, 574 MiB, 37.14 W, 62, 2490 MHz, 8001 MHz, 0x0000000000000000
2026/05/01 13:29:49.387, NVIDIA GeForce RTX 4060 Laptop GPU, 97 %, 3 %, 574 MiB, 34.85 W, 61, 2490 MHz, 8001 MHz, 0x0000000000000000
2026/05/01 13:29:49.890, NVIDIA GeForce RTX 4060 Laptop GPU, 99 %, 3 %, 574 MiB, 35.65 W, 62, 2490 MHz, 8001 MHz, 0x0000000000000000
2026/05/01 13:29:50.390, NVIDIA GeForce RTX 4060 Laptop GPU, 97 %, 3 %, 574 MiB, 35.69 W, 62, 2490 MHz, 8001 MHz, 0x0000000000000000
2026/05/01 13:29:50.891, NVIDIA GeForce RTX 4060 Laptop GPU, 99 %, 3 %, 574 MiB, 36.01 W, 62, 2490 MHz, 8001 MHz, 0x0000000000000000
2026/05/01 13:29:51.392, NVIDIA GeForce RTX 4060 Laptop GPU, 97 %, 3 %, 574 MiB, 35.62 W, 61, 2490 MHz, 8001 MHz, 0x0000000000000000
2026/05/01 13:29:51.899, NVIDIA GeForce RTX 4060 Laptop GPU, 99 %, 3 %, 574 MiB, 35.67 W, 62, 2490 MHz, 8001 MHz, 0x0000000000000000
2026/05/01 13:29:52.405, NVIDIA GeForce RTX 4060 Laptop GPU, 97 %, 3 %, 574 MiB, 35.60 W, 61, 2490 MHz, 8001 MHz, 0x0000000000000000
2026/05/01 13:29:52.908, NVIDIA GeForce RTX 4060 Laptop GPU, 99 %, 3 %, 574 MiB, 35.43 W, 62, 2490 MHz, 8001 MHz, 0x0000000000000000
2026/05/01 13:29:53.411, NVIDIA GeForce RTX 4060 Laptop GPU, 97 %, 3 %, 574 MiB, 35.74 W, 61, 2490 MHz, 8001 MHz, 0x0000000000000000
2026/05/01 13:29:53.912, NVIDIA GeForce RTX 4060 Laptop GPU, 99 %, 3 %, 574 MiB, 36.70 W, 62, 2490 MHz, 8001 MHz, 0x0000000000000000
2026/05/01 13:29:54.422, NVIDIA GeForce RTX 4060 Laptop GPU, 97 %, 3 %, 574 MiB, 35.57 W, 61, 2490 MHz, 8001 MHz, 0x0000000000000000
2026/05/01 13:29:54.931, NVIDIA GeForce RTX 4060 Laptop GPU, 99 %, 3 %, 574 MiB, 35.57 W, 62, 2490 MHz, 8001 MHz, 0x0000000000000000
2026/05/01 13:29:55.432, NVIDIA GeForce RTX 4060 Laptop GPU, 97 %, 3 %, 147 MiB, 35.54 W, 62, 2490 MHz, 8001 MHz, 0x0000000000000000
2026/05/01 13:29:55.940, NVIDIA GeForce RTX 4060 Laptop GPU, 0 %, 0 %, 147 MiB, 25.17 W, 59, 2490 MHz, 8001 MHz, 0x0000000000000000
2026/05/01 13:29:56.450, NVIDIA GeForce RTX 4060 Laptop GPU, 4 %, 0 %, 1179 MiB, 23.09 W, 59, 2490 MHz, 8001 MHz, 0x0000000000000000
2026/05/01 13:29:56.953, NVIDIA GeForce RTX 4060 Laptop GPU, 24 %, 3 %, 2752 MiB, 24.21 W, 59, 2490 MHz, 8001 MHz, 0x0000000000000000
2026/05/01 13:29:57.453, NVIDIA GeForce RTX 4060 Laptop GPU, 22 %, 3 %, 4249 MiB, 24.11 W, 59, 2250 MHz, 8001 MHz, 0x0000000000000000
2026/05/01 13:29:57.954, NVIDIA GeForce RTX 4060 Laptop GPU, 18 %, 2 %, 5874 MiB, 21.02 W, 58, 2250 MHz, 8001 MHz, 0x0000000000000001
2026/05/01 13:29:58.464, NVIDIA GeForce RTX 4060 Laptop GPU, 21 %, 2 %, 7277 MiB, 21.17 W, 58, 2250 MHz, 8001 MHz, 0x0000000000000001
2026/05/01 13:29:58.965, NVIDIA GeForce RTX 4060 Laptop GPU, 6 %, 1 %, 7334 MiB, 20.10 W, 59, 2070 MHz, 7001 MHz, 0x0000000000000001
2026/05/01 13:29:59.474, NVIDIA GeForce RTX 4060 Laptop GPU, 44 %, 2 %, 7233 MiB, 25.33 W, 60, 2490 MHz, 8001 MHz, 0x0000000000000000
2026/05/01 13:29:59.976, NVIDIA GeForce RTX 4060 Laptop GPU, 74 %, 15 %, 7280 MiB, 40.30 W, 62, 2490 MHz, 8001 MHz, 0x0000000000000000
2026/05/01 13:30:00.477, NVIDIA GeForce RTX 4060 Laptop GPU, 55 %, 7 %, 7332 MiB, 29.67 W, 60, 2490 MHz, 8001 MHz, 0x0000000000000000
2026/05/01 13:30:00.979, NVIDIA GeForce RTX 4060 Laptop GPU, 37 %, 2 %, 7303 MiB, 27.09 W, 59, 2490 MHz, 7001 MHz, 0x0000000000000000
2026/05/01 13:30:01.479, NVIDIA GeForce RTX 4060 Laptop GPU, 53 %, 6 %, 7252 MiB, 27.26 W, 59, 2490 MHz, 8001 MHz, 0x0000000000000000
2026/05/01 13:30:01.985, NVIDIA GeForce RTX 4060 Laptop GPU, 59 %, 9 %, 7235 MiB, 32.62 W, 59, 2490 MHz, 8001 MHz, 0x0000000000000000
2026/05/01 13:30:02.487, NVIDIA GeForce RTX 4060 Laptop GPU, 53 %, 6 %, 7253 MiB, 28.13 W, 59, 2490 MHz, 7001 MHz, 0x0000000000000000
2026/05/01 13:30:02.997, NVIDIA GeForce RTX 4060 Laptop GPU, 61 %, 9 %, 7281 MiB, 30.47 W, 59, 2490 MHz, 7001 MHz, 0x0000000000000000
2026/05/01 13:30:03.503, NVIDIA GeForce RTX 4060 Laptop GPU, 46 %, 5 %, 7259 MiB, 27.80 W, 59, 2490 MHz, 8001 MHz, 0x0000000000000000
2026/05/01 13:30:04.013, NVIDIA GeForce RTX 4060 Laptop GPU, 60 %, 7 %, 7252 MiB, 28.20 W, 60, 2490 MHz, 7001 MHz, 0x0000000000000000
2026/05/01 13:30:04.514, NVIDIA GeForce RTX 4060 Laptop GPU, 50 %, 6 %, 7285 MiB, 24.51 W, 59, 2490 MHz, 8001 MHz, 0x0000000000000000
2026/05/01 13:30:05.017, NVIDIA GeForce RTX 4060 Laptop GPU, 48 %, 6 %, 7240 MiB, 28.75 W, 59, 2490 MHz, 8001 MHz, 0x0000000000000000
2026/05/01 13:30:05.523, NVIDIA GeForce RTX 4060 Laptop GPU, 55 %, 4 %, 7255 MiB, 27.06 W, 60, 2490 MHz, 8001 MHz, 0x0000000000000000
2026/05/01 13:30:06.023, NVIDIA GeForce RTX 4060 Laptop GPU, 63 %, 8 %, 7246 MiB, 28.77 W, 59, 2490 MHz, 8001 MHz, 0x0000000000000000
2026/05/01 13:30:06.532, NVIDIA GeForce RTX 4060 Laptop GPU, 66 %, 6 %, 7252 MiB, 25.92 W, 59, 2490 MHz, 8001 MHz, 0x0000000000000000
2026/05/01 13:30:07.034, NVIDIA GeForce RTX 4060 Laptop GPU, 67 %, 8 %, 7241 MiB, 29.42 W, 60, 2490 MHz, 7001 MHz, 0x0000000000000000
2026/05/01 13:30:07.535, NVIDIA GeForce RTX 4060 Laptop GPU, 69 %, 7 %, 7245 MiB, 29.47 W, 60, 2490 MHz, 8001 MHz, 0x0000000000000000
2026/05/01 13:30:08.068, NVIDIA GeForce RTX 4060 Laptop GPU, 68 %, 7 %, 7239 MiB, 28.27 W, 59, 2490 MHz, 7001 MHz, 0x0000000000000000
2026/05/01 13:30:08.577, NVIDIA GeForce RTX 4060 Laptop GPU, 73 %, 10 %, 7243 MiB, 31.54 W, 61, 2490 MHz, 8001 MHz, 0x0000000000000000
2026/05/01 13:30:09.078, NVIDIA GeForce RTX 4060 Laptop GPU, 73 %, 10 %, 7251 MiB, 34.15 W, 59, 2490 MHz, 8001 MHz, 0x0000000000000000
2026/05/01 13:30:09.581, NVIDIA GeForce RTX 4060 Laptop GPU, 60 %, 7 %, 7264 MiB, 29.89 W, 59, 2490 MHz, 8001 MHz, 0x0000000000000000
2026/05/01 13:30:10.086, NVIDIA GeForce RTX 4060 Laptop GPU, 59 %, 9 %, 7260 MiB, 29.01 W, 59, 2490 MHz, 7001 MHz, 0x0000000000000000
2026/05/01 13:30:10.587, NVIDIA GeForce RTX 4060 Laptop GPU, 69 %, 7 %, 7195 MiB, 29.79 W, 60, 2490 MHz, 8001 MHz, 0x0000000000000000
2026/05/01 13:30:11.088, NVIDIA GeForce RTX 4060 Laptop GPU, 70 %, 7 %, 7271 MiB, 31.14 W, 60, 2490 MHz, 8001 MHz, 0x0000000000000000
2026/05/01 13:30:11.590, NVIDIA GeForce RTX 4060 Laptop GPU, 69 %, 7 %, 7257 MiB, 30.88 W, 59, 2490 MHz, 8001 MHz, 0x0000000000000000
2026/05/01 13:30:12.092, NVIDIA GeForce RTX 4060 Laptop GPU, 66 %, 6 %, 7195 MiB, 31.44 W, 59, 2490 MHz, 8001 MHz, 0x0000000000000000
2026/05/01 13:30:12.593, NVIDIA GeForce RTX 4060 Laptop GPU, 71 %, 7 %, 7219 MiB, 31.07 W, 59, 2490 MHz, 8001 MHz, 0x0000000000000000
2026/05/01 13:30:13.101, NVIDIA GeForce RTX 4060 Laptop GPU, 67 %, 9 %, 7210 MiB, 30.48 W, 59, 2490 MHz, 8001 MHz, 0x0000000000000000
2026/05/01 13:30:13.602, NVIDIA GeForce RTX 4060 Laptop GPU, 71 %, 7 %, 7250 MiB, 31.72 W, 59, 2490 MHz, 8001 MHz, 0x0000000000000000
2026/05/01 13:30:14.103, NVIDIA GeForce RTX 4060 Laptop GPU, 72 %, 8 %, 7272 MiB, 32.27 W, 60, 2490 MHz, 8001 MHz, 0x0000000000000000
2026/05/01 13:30:14.613, NVIDIA GeForce RTX 4060 Laptop GPU, 70 %, 7 %, 7266 MiB, 31.49 W, 61, 2490 MHz, 8001 MHz, 0x0000000000000000
2026/05/01 13:30:15.115, NVIDIA GeForce RTX 4060 Laptop GPU, 74 %, 7 %, 7255 MiB, 29.83 W, 60, 2490 MHz, 8001 MHz, 0x0000000000000000
2026/05/01 13:30:15.626, NVIDIA GeForce RTX 4060 Laptop GPU, 73 %, 10 %, 7278 MiB, 31.13 W, 59, 2490 MHz, 8001 MHz, 0x0000000000000000
2026/05/01 13:30:16.127, NVIDIA GeForce RTX 4060 Laptop GPU, 0 %, 0 %, 3850 MiB, 30.13 W, 58, 2490 MHz, 8001 MHz, 0x0000000000000000
2026/05/01 13:30:16.637, NVIDIA GeForce RTX 4060 Laptop GPU, 0 %, 0 %, 99 MiB, 22.77 W, 58, 2490 MHz, 8001 MHz, 0x0000000000000000
2026/05/01 13:30:17.144, NVIDIA GeForce RTX 4060 Laptop GPU, 11 %, 0 %, 99 MiB, 23.58 W, 58, 2490 MHz, 8001 MHz, 0x0000000000000000
2026/05/01 13:30:17.644, NVIDIA GeForce RTX 4060 Laptop GPU, 8 %, 0 %, 219 MiB, 23.57 W, 58, 2490 MHz, 8001 MHz, 0x0000000000000000
2026/05/01 13:30:18.147, NVIDIA GeForce RTX 4060 Laptop GPU, 22 %, 2 %, 1671 MiB, 21.49 W, 58, 2250 MHz, 8001 MHz, 0x0000000000000001
2026/05/01 13:30:18.648, NVIDIA GeForce RTX 4060 Laptop GPU, 22 %, 2 %, 2981 MiB, 21.60 W, 58, 2250 MHz, 8001 MHz, 0x0000000000000001
2026/05/01 13:30:19.152, NVIDIA GeForce RTX 4060 Laptop GPU, 26 %, 3 %, 4347 MiB, 21.64 W, 58, 2250 MHz, 8001 MHz, 0x0000000000000001
2026/05/01 13:30:19.655, NVIDIA GeForce RTX 4060 Laptop GPU, 22 %, 2 %, 5459 MiB, 22.48 W, 58, 1605 MHz, 8001 MHz, 0x0000000000000001
2026/05/01 13:30:20.158, NVIDIA GeForce RTX 4060 Laptop GPU, 29 %, 3 %, 7258 MiB, 16.65 W, 57, 1485 MHz, 8001 MHz, 0x0000000000000001
2026/05/01 13:30:20.660, NVIDIA GeForce RTX 4060 Laptop GPU, 50 %, 4 %, 7852 MiB, 16.52 W, 57, 1395 MHz, 8001 MHz, 0x0000000000000001
2026/05/01 13:30:21.168, NVIDIA GeForce RTX 4060 Laptop GPU, 51 %, 5 %, 7870 MiB, 17.07 W, 57, 2010 MHz, 7001 MHz, 0x0000000000000001
2026/05/01 13:30:21.670, NVIDIA GeForce RTX 4060 Laptop GPU, 51 %, 6 %, 7893 MiB, 25.47 W, 58, 2490 MHz, 7001 MHz, 0x0000000000000000
2026/05/01 13:30:22.173, NVIDIA GeForce RTX 4060 Laptop GPU, 40 %, 2 %, 7862 MiB, 25.34 W, 59, 2490 MHz, 8001 MHz, 0x0000000000000000
2026/05/01 13:30:22.680, NVIDIA GeForce RTX 4060 Laptop GPU, 36 %, 4 %, 7884 MiB, 24.96 W, 59, 2490 MHz, 8001 MHz, 0x0000000000000000
2026/05/01 13:30:23.186, NVIDIA GeForce RTX 4060 Laptop GPU, 50 %, 6 %, 7887 MiB, 30.03 W, 60, 2490 MHz, 8001 MHz, 0x0000000000000000
2026/05/01 13:30:23.691, NVIDIA GeForce RTX 4060 Laptop GPU, 50 %, 5 %, 7873 MiB, 29.17 W, 60, 2490 MHz, 8001 MHz, 0x0000000000000000
2026/05/01 13:30:24.199, NVIDIA GeForce RTX 4060 Laptop GPU, 26 %, 3 %, 7872 MiB, 25.70 W, 60, 2490 MHz, 8001 MHz, 0x0000000000000000
2026/05/01 13:30:24.702, NVIDIA GeForce RTX 4060 Laptop GPU, 56 %, 7 %, 7868 MiB, 31.85 W, 61, 2490 MHz, 8001 MHz, 0x0000000000000000
2026/05/01 13:30:25.209, NVIDIA GeForce RTX 4060 Laptop GPU, 80 %, 40 %, 7863 MiB, 55.09 W, 64, 2490 MHz, 8001 MHz, 0x0000000000000000
2026/05/01 13:30:25.716, NVIDIA GeForce RTX 4060 Laptop GPU, 100 %, 64 %, 7863 MiB, 77.59 W, 66, 2490 MHz, 8001 MHz, 0x0000000000000000
2026/05/01 13:30:26.219, NVIDIA GeForce RTX 4060 Laptop GPU, 100 %, 66 %, 7864 MiB, 74.07 W, 66, 2490 MHz, 8001 MHz, 0x0000000000000000
2026/05/01 13:30:26.719, NVIDIA GeForce RTX 4060 Laptop GPU, 44 %, 4 %, 7847 MiB, 26.04 W, 60, 2490 MHz, 8001 MHz, 0x0000000000000000
2026/05/01 13:30:27.233, NVIDIA GeForce RTX 4060 Laptop GPU, 36 %, 11 %, 7859 MiB, 27.93 W, 62, 2490 MHz, 7001 MHz, 0x0000000000000000
2026/05/01 13:30:27.742, NVIDIA GeForce RTX 4060 Laptop GPU, 37 %, 3 %, 7850 MiB, 24.97 W, 60, 2490 MHz, 7001 MHz, 0x0000000000000000
2026/05/01 13:30:28.248, NVIDIA GeForce RTX 4060 Laptop GPU, 61 %, 7 %, 7851 MiB, 31.08 W, 61, 2490 MHz, 8001 MHz, 0x0000000000000000
2026/05/01 13:30:28.750, NVIDIA GeForce RTX 4060 Laptop GPU, 72 %, 11 %, 7845 MiB, 34.83 W, 62, 2490 MHz, 8001 MHz, 0x0000000000000000
2026/05/01 13:30:29.260, NVIDIA GeForce RTX 4060 Laptop GPU, 89 %, 36 %, 7844 MiB, 53.93 W, 63, 2490 MHz, 8001 MHz, 0x0000000000000000
2026/05/01 13:30:29.762, NVIDIA GeForce RTX 4060 Laptop GPU, 100 %, 37 %, 7844 MiB, 70.94 W, 66, 2490 MHz, 8001 MHz, 0x0000000000000000
2026/05/01 13:30:30.264, NVIDIA GeForce RTX 4060 Laptop GPU, 100 %, 32 %, 7829 MiB, 53.96 W, 65, 2490 MHz, 8001 MHz, 0x0000000000000000
2026/05/01 13:30:30.772, NVIDIA GeForce RTX 4060 Laptop GPU, 55 %, 5 %, 7834 MiB, 32.30 W, 60, 2490 MHz, 8001 MHz, 0x0000000000000000
2026/05/01 13:30:31.277, NVIDIA GeForce RTX 4060 Laptop GPU, 59 %, 14 %, 7835 MiB, 32.52 W, 61, 2490 MHz, 8001 MHz, 0x0000000000000000
2026/05/01 13:30:31.779, NVIDIA GeForce RTX 4060 Laptop GPU, 60 %, 7 %, 7835 MiB, 31.75 W, 63, 2490 MHz, 8001 MHz, 0x0000000000000000
2026/05/01 13:30:32.283, NVIDIA GeForce RTX 4060 Laptop GPU, 94 %, 28 %, 7830 MiB, 38.80 W, 63, 2490 MHz, 8001 MHz, 0x0000000000000000
2026/05/01 13:30:32.789, NVIDIA GeForce RTX 4060 Laptop GPU, 82 %, 22 %, 7834 MiB, 43.35 W, 63, 2490 MHz, 8001 MHz, 0x0000000000000000
2026/05/01 13:30:33.293, NVIDIA GeForce RTX 4060 Laptop GPU, 100 %, 37 %, 7834 MiB, 55.60 W, 65, 2490 MHz, 8001 MHz, 0x0000000000000000
2026/05/01 13:30:33.798, NVIDIA GeForce RTX 4060 Laptop GPU, 100 %, 59 %, 7834 MiB, 68.23 W, 65, 2490 MHz, 8001 MHz, 0x0000000000000000
2026/05/01 13:30:34.301, NVIDIA GeForce RTX 4060 Laptop GPU, 74 %, 30 %, 7828 MiB, 59.53 W, 62, 2490 MHz, 8001 MHz, 0x0000000000000000
2026/05/01 13:30:34.803, NVIDIA GeForce RTX 4060 Laptop GPU, 60 %, 7 %, 7826 MiB, 30.18 W, 60, 2490 MHz, 8001 MHz, 0x0000000000000000
2026/05/01 13:30:35.313, NVIDIA GeForce RTX 4060 Laptop GPU, 72 %, 9 %, 7828 MiB, 35.93 W, 64, 2490 MHz, 8001 MHz, 0x0000000000000000
2026/05/01 13:30:35.823, NVIDIA GeForce RTX 4060 Laptop GPU, 63 %, 17 %, 7823 MiB, 36.62 W, 61, 2490 MHz, 8001 MHz, 0x0000000000000000
2026/05/01 13:30:36.327, NVIDIA GeForce RTX 4060 Laptop GPU, 93 %, 35 %, 7823 MiB, 44.19 W, 64, 2490 MHz, 8001 MHz, 0x0000000000000000
2026/05/01 13:30:36.832, NVIDIA GeForce RTX 4060 Laptop GPU, 100 %, 38 %, 7823 MiB, 53.44 W, 65, 2490 MHz, 8001 MHz, 0x0000000000000000
2026/05/01 13:30:37.338, NVIDIA GeForce RTX 4060 Laptop GPU, 100 %, 46 %, 7816 MiB, 68.38 W, 66, 2490 MHz, 8001 MHz, 0x0000000000000000
2026/05/01 13:30:37.840, NVIDIA GeForce RTX 4060 Laptop GPU, 56 %, 5 %, 7809 MiB, 57.61 W, 61, 2490 MHz, 8001 MHz, 0x0000000000000000
2026/05/01 13:30:38.344, NVIDIA GeForce RTX 4060 Laptop GPU, 56 %, 15 %, 7811 MiB, 31.01 W, 63, 2490 MHz, 8001 MHz, 0x0000000000000000
2026/05/01 13:30:38.850, NVIDIA GeForce RTX 4060 Laptop GPU, 78 %, 19 %, 7824 MiB, 43.06 W, 63, 2490 MHz, 8001 MHz, 0x0000000000000000
2026/05/01 13:30:39.360, NVIDIA GeForce RTX 4060 Laptop GPU, 71 %, 15 %, 7811 MiB, 36.69 W, 63, 2490 MHz, 8001 MHz, 0x0000000000000000
2026/05/01 13:30:39.861, NVIDIA GeForce RTX 4060 Laptop GPU, 92 %, 34 %, 7812 MiB, 48.91 W, 63, 2490 MHz, 8001 MHz, 0x0000000000000000
2026/05/01 13:30:40.370, NVIDIA GeForce RTX 4060 Laptop GPU, 100 %, 38 %, 7812 MiB, 53.72 W, 65, 2490 MHz, 8001 MHz, 0x0000000000000000
2026/05/01 13:30:40.875, NVIDIA GeForce RTX 4060 Laptop GPU, 100 %, 58 %, 7812 MiB, 71.82 W, 66, 2490 MHz, 8001 MHz, 0x0000000000000000
2026/05/01 13:30:41.378, NVIDIA GeForce RTX 4060 Laptop GPU, 80 %, 30 %, 7809 MiB, 52.34 W, 62, 2490 MHz, 8001 MHz, 0x0000000000000000
2026/05/01 13:30:41.887, NVIDIA GeForce RTX 4060 Laptop GPU, 68 %, 16 %, 7809 MiB, 49.84 W, 63, 2490 MHz, 8001 MHz, 0x0000000000000000
2026/05/01 13:30:42.396, NVIDIA GeForce RTX 4060 Laptop GPU, 88 %, 26 %, 7809 MiB, 44.24 W, 64, 2490 MHz, 8001 MHz, 0x0000000000000000
2026/05/01 13:30:42.906, NVIDIA GeForce RTX 4060 Laptop GPU, 76 %, 20 %, 7808 MiB, 49.44 W, 64, 2490 MHz, 8001 MHz, 0x0000000000000000
2026/05/01 13:30:43.408, NVIDIA GeForce RTX 4060 Laptop GPU, 95 %, 37 %, 7805 MiB, 50.99 W, 65, 2490 MHz, 8001 MHz, 0x0000000000000000
2026/05/01 13:30:43.918, NVIDIA GeForce RTX 4060 Laptop GPU, 100 %, 40 %, 7805 MiB, 53.47 W, 67, 2490 MHz, 8001 MHz, 0x0000000000000000
2026/05/01 13:30:44.419, NVIDIA GeForce RTX 4060 Laptop GPU, 100 %, 32 %, 7787 MiB, 51.15 W, 67, 2490 MHz, 8001 MHz, 0x0000000000000000
2026/05/01 13:30:44.928, NVIDIA GeForce RTX 4060 Laptop GPU, 1 %, 0 %, 4671 MiB, 23.49 W, 61, 2490 MHz, 8001 MHz, 0x0000000000000000
2026/05/01 13:30:45.436, NVIDIA GeForce RTX 4060 Laptop GPU, 4 %, 0 %, 754 MiB, 23.89 W, 61, 2490 MHz, 8001 MHz, 0x0000000000000000
2026/05/01 13:30:45.945, NVIDIA GeForce RTX 4060 Laptop GPU, 5 %, 0 %, 77 MiB, 24.35 W, 61, 2490 MHz, 8001 MHz, 0x0000000000000000
2026/05/01 13:30:46.448, NVIDIA GeForce RTX 4060 Laptop GPU, 8 %, 0 %, 165 MiB, 23.61 W, 61, 2250 MHz, 8001 MHz, 0x0000000000000000
2026/05/01 13:30:46.958, NVIDIA GeForce RTX 4060 Laptop GPU, 19 %, 2 %, 1985 MiB, 21.14 W, 60, 2250 MHz, 8001 MHz, 0x0000000000000001
2026/05/01 13:30:47.459, NVIDIA GeForce RTX 4060 Laptop GPU, 6 %, 1 %, 4056 MiB, 20.50 W, 60, 2250 MHz, 8001 MHz, 0x0000000000000001
2026/05/01 13:30:47.960, NVIDIA GeForce RTX 4060 Laptop GPU, 17 %, 2 %, 6182 MiB, 21.38 W, 60, 2250 MHz, 8001 MHz, 0x0000000000000001
2026/05/01 13:30:48.460, NVIDIA GeForce RTX 4060 Laptop GPU, 27 %, 3 %, 7755 MiB, 21.69 W, 60, 2250 MHz, 8001 MHz, 0x0000000000000001
2026/05/01 13:30:48.969, NVIDIA GeForce RTX 4060 Laptop GPU, 37 %, 3 %, 7555 MiB, 22.36 W, 60, 1950 MHz, 8001 MHz, 0x0000000000000001
2026/05/01 13:30:49.477, NVIDIA GeForce RTX 4060 Laptop GPU, 63 %, 5 %, 7791 MiB, 24.02 W, 61, 2490 MHz, 7001 MHz, 0x0000000000000000
2026/05/01 13:30:49.981, NVIDIA GeForce RTX 4060 Laptop GPU, 53 %, 7 %, 7855 MiB, 36.24 W, 61, 2490 MHz, 7001 MHz, 0x0000000000000024
2026/05/01 13:30:50.482, NVIDIA GeForce RTX 4060 Laptop GPU, 100 %, 6 %, 7730 MiB, 30.01 W, 62, 2490 MHz, 8001 MHz, 0x0000000000000000
2026/05/01 13:30:50.991, NVIDIA GeForce RTX 4060 Laptop GPU, 100 %, 7 %, 7472 MiB, 34.88 W, 63, 2490 MHz, 8001 MHz, 0x0000000000000000
2026/05/01 13:30:51.495, NVIDIA GeForce RTX 4060 Laptop GPU, 72 %, 5 %, 7795 MiB, 37.53 W, 63, 2490 MHz, 8001 MHz, 0x0000000000000000
2026/05/01 13:30:52.003, NVIDIA GeForce RTX 4060 Laptop GPU, 100 %, 7 %, 7746 MiB, 35.60 W, 64, 2490 MHz, 8001 MHz, 0x0000000000000000
2026/05/01 13:30:52.516, NVIDIA GeForce RTX 4060 Laptop GPU, 100 %, 7 %, 7778 MiB, 31.33 W, 63, 2490 MHz, 8001 MHz, 0x0000000000000000
2026/05/01 13:30:53.020, NVIDIA GeForce RTX 4060 Laptop GPU, 100 %, 7 %, 7780 MiB, 32.75 W, 63, 2490 MHz, 8001 MHz, 0x0000000000000000
2026/05/01 13:30:53.521, NVIDIA GeForce RTX 4060 Laptop GPU, 100 %, 7 %, 7782 MiB, 29.14 W, 63, 2490 MHz, 8001 MHz, 0x0000000000000000
2026/05/01 13:30:54.037, NVIDIA GeForce RTX 4060 Laptop GPU, 0 %, 0 %, 7781 MiB, 23.12 W, 62, 2490 MHz, 8001 MHz, 0x0000000000000000
2026/05/01 13:30:54.544, NVIDIA GeForce RTX 4060 Laptop GPU, 100 %, 8 %, 7763 MiB, 34.15 W, 63, 2490 MHz, 8001 MHz, 0x0000000000000000
2026/05/01 13:30:55.049, NVIDIA GeForce RTX 4060 Laptop GPU, 100 %, 7 %, 7764 MiB, 34.23 W, 63, 2490 MHz, 8001 MHz, 0x0000000000000000
2026/05/01 13:30:55.555, NVIDIA GeForce RTX 4060 Laptop GPU, 100 %, 6 %, 7765 MiB, 30.37 W, 63, 2490 MHz, 8001 MHz, 0x0000000000000000
2026/05/01 13:30:56.064, NVIDIA GeForce RTX 4060 Laptop GPU, 100 %, 8 %, 7765 MiB, 33.56 W, 63, 2490 MHz, 8001 MHz, 0x0000000000000000
2026/05/01 13:30:56.569, NVIDIA GeForce RTX 4060 Laptop GPU, 100 %, 7 %, 7765 MiB, 34.05 W, 63, 2490 MHz, 8001 MHz, 0x0000000000000000
2026/05/01 13:30:57.076, NVIDIA GeForce RTX 4060 Laptop GPU, 100 %, 6 %, 7765 MiB, 33.95 W, 63, 2490 MHz, 8001 MHz, 0x0000000000000000
2026/05/01 13:30:57.577, NVIDIA GeForce RTX 4060 Laptop GPU, 100 %, 8 %, 7765 MiB, 33.98 W, 63, 2490 MHz, 8001 MHz, 0x0000000000000000
2026/05/01 13:30:58.083, NVIDIA GeForce RTX 4060 Laptop GPU, 100 %, 5 %, 7766 MiB, 34.17 W, 63, 2490 MHz, 8001 MHz, 0x0000000000000000
2026/05/01 13:30:58.591, NVIDIA GeForce RTX 4060 Laptop GPU, 100 %, 7 %, 7768 MiB, 34.30 W, 63, 2490 MHz, 8001 MHz, 0x0000000000000000
2026/05/01 13:30:59.092, NVIDIA GeForce RTX 4060 Laptop GPU, 100 %, 6 %, 7749 MiB, 34.42 W, 62, 2490 MHz, 8001 MHz, 0x0000000000000000
2026/05/01 13:30:59.604, NVIDIA GeForce RTX 4060 Laptop GPU, 100 %, 7 %, 7722 MiB, 33.86 W, 63, 2490 MHz, 8001 MHz, 0x0000000000000000
2026/05/01 13:31:00.108, NVIDIA GeForce RTX 4060 Laptop GPU, 100 %, 13 %, 7737 MiB, 34.63 W, 63, 2490 MHz, 8001 MHz, 0x0000000000000000
2026/05/01 13:31:00.616, NVIDIA GeForce RTX 4060 Laptop GPU, 100 %, 6 %, 7748 MiB, 36.29 W, 63, 2490 MHz, 8001 MHz, 0x0000000000000000
2026/05/01 13:31:01.122, NVIDIA GeForce RTX 4060 Laptop GPU, 100 %, 11 %, 7730 MiB, 37.92 W, 63, 2490 MHz, 8001 MHz, 0x0000000000000000
2026/05/01 13:31:01.627, NVIDIA GeForce RTX 4060 Laptop GPU, 100 %, 17 %, 7713 MiB, 37.65 W, 63, 2490 MHz, 8001 MHz, 0x0000000000000000
2026/05/01 13:31:02.132, NVIDIA GeForce RTX 4060 Laptop GPU, 100 %, 19 %, 7713 MiB, 38.55 W, 64, 2490 MHz, 8001 MHz, 0x0000000000000000
2026/05/01 13:31:02.640, NVIDIA GeForce RTX 4060 Laptop GPU, 100 %, 20 %, 7713 MiB, 40.08 W, 64, 2490 MHz, 8001 MHz, 0x0000000000000000
2026/05/01 13:31:03.148, NVIDIA GeForce RTX 4060 Laptop GPU, 100 %, 20 %, 7713 MiB, 40.22 W, 63, 2490 MHz, 8001 MHz, 0x0000000000000000
2026/05/01 13:31:03.657, NVIDIA GeForce RTX 4060 Laptop GPU, 100 %, 19 %, 7714 MiB, 40.40 W, 63, 2490 MHz, 8001 MHz, 0x0000000000000000
2026/05/01 13:31:04.165, NVIDIA GeForce RTX 4060 Laptop GPU, 100 %, 19 %, 7714 MiB, 40.50 W, 63, 2490 MHz, 8001 MHz, 0x0000000000000000
2026/05/01 13:31:04.675, NVIDIA GeForce RTX 4060 Laptop GPU, 100 %, 17 %, 7714 MiB, 40.33 W, 63, 2490 MHz, 8001 MHz, 0x0000000000000000
2026/05/01 13:31:05.177, NVIDIA GeForce RTX 4060 Laptop GPU, 100 %, 16 %, 7714 MiB, 40.28 W, 63, 2490 MHz, 8001 MHz, 0x0000000000000000
2026/05/01 13:31:05.678, NVIDIA GeForce RTX 4060 Laptop GPU, 100 %, 15 %, 7714 MiB, 40.31 W, 63, 2490 MHz, 8001 MHz, 0x0000000000000000
2026/05/01 13:31:06.188, NVIDIA GeForce RTX 4060 Laptop GPU, 100 %, 17 %, 7714 MiB, 40.31 W, 63, 2490 MHz, 8001 MHz, 0x0000000000000000
2026/05/01 13:31:06.690, NVIDIA GeForce RTX 4060 Laptop GPU, 100 %, 15 %, 7714 MiB, 40.36 W, 63, 2490 MHz, 8001 MHz, 0x0000000000000000
2026/05/01 13:31:07.200, NVIDIA GeForce RTX 4060 Laptop GPU, 100 %, 19 %, 7714 MiB, 40.51 W, 63, 2490 MHz, 8001 MHz, 0x0000000000000000
2026/05/01 13:31:07.708, NVIDIA GeForce RTX 4060 Laptop GPU, 100 %, 15 %, 7714 MiB, 40.18 W, 63, 2490 MHz, 8001 MHz, 0x0000000000000000
2026/05/01 13:31:08.210, NVIDIA GeForce RTX 4060 Laptop GPU, 100 %, 18 %, 7714 MiB, 39.96 W, 63, 2490 MHz, 8001 MHz, 0x0000000000000000
2026/05/01 13:31:08.723, NVIDIA GeForce RTX 4060 Laptop GPU, 30 %, 2 %, 7747 MiB, 37.80 W, 61, 2490 MHz, 8001 MHz, 0x0000000000000000
2026/05/01 13:31:09.225, NVIDIA GeForce RTX 4060 Laptop GPU, 100 %, 4 %, 7708 MiB, 28.35 W, 62, 2490 MHz, 8001 MHz, 0x0000000000000000
2026/05/01 13:31:09.727, NVIDIA GeForce RTX 4060 Laptop GPU, 49 %, 3 %, 7726 MiB, 24.61 W, 62, 2490 MHz, 8001 MHz, 0x0000000000000000
2026/05/01 13:31:10.229, NVIDIA GeForce RTX 4060 Laptop GPU, 35 %, 2 %, 7692 MiB, 24.32 W, 62, 2490 MHz, 8001 MHz, 0x0000000000000000
2026/05/01 13:31:10.730, NVIDIA GeForce RTX 4060 Laptop GPU, 100 %, 14 %, 7659 MiB, 39.94 W, 64, 2490 MHz, 8001 MHz, 0x0000000000000000
2026/05/01 13:31:11.232, NVIDIA GeForce RTX 4060 Laptop GPU, 97 %, 14 %, 7651 MiB, 38.09 W, 63, 2490 MHz, 8001 MHz, 0x0000000000000000
2026/05/01 13:31:11.739, NVIDIA GeForce RTX 4060 Laptop GPU, 100 %, 16 %, 7664 MiB, 39.03 W, 64, 2490 MHz, 8001 MHz, 0x0000000000000000
2026/05/01 13:31:12.241, NVIDIA GeForce RTX 4060 Laptop GPU, 100 %, 14 %, 7677 MiB, 38.86 W, 63, 2490 MHz, 8001 MHz, 0x0000000000000000
2026/05/01 13:31:12.753, NVIDIA GeForce RTX 4060 Laptop GPU, 100 %, 13 %, 7677 MiB, 39.14 W, 64, 2490 MHz, 8001 MHz, 0x0000000000000000
2026/05/01 13:31:13.256, NVIDIA GeForce RTX 4060 Laptop GPU, 100 %, 14 %, 7677 MiB, 38.42 W, 64, 2490 MHz, 8001 MHz, 0x0000000000000000
2026/05/01 13:31:13.770, NVIDIA GeForce RTX 4060 Laptop GPU, 100 %, 13 %, 7677 MiB, 38.67 W, 63, 2490 MHz, 8001 MHz, 0x0000000000000000
2026/05/01 13:31:14.282, NVIDIA GeForce RTX 4060 Laptop GPU, 100 %, 13 %, 7677 MiB, 38.58 W, 63, 2490 MHz, 8001 MHz, 0x0000000000000000
2026/05/01 13:31:14.786, NVIDIA GeForce RTX 4060 Laptop GPU, 100 %, 14 %, 7677 MiB, 38.53 W, 63, 2490 MHz, 8001 MHz, 0x0000000000000000
2026/05/01 13:31:15.287, NVIDIA GeForce RTX 4060 Laptop GPU, 100 %, 15 %, 7677 MiB, 38.62 W, 63, 2490 MHz, 8001 MHz, 0x0000000000000000
2026/05/01 13:31:15.797, NVIDIA GeForce RTX 4060 Laptop GPU, 100 %, 13 %, 7677 MiB, 38.81 W, 63, 2490 MHz, 8001 MHz, 0x0000000000000000
2026/05/01 13:31:16.307, NVIDIA GeForce RTX 4060 Laptop GPU, 100 %, 11 %, 7677 MiB, 38.64 W, 63, 2490 MHz, 8001 MHz, 0x0000000000000000
2026/05/01 13:31:16.816, NVIDIA GeForce RTX 4060 Laptop GPU, 100 %, 16 %, 7677 MiB, 38.65 W, 63, 2490 MHz, 8001 MHz, 0x0000000000000000
2026/05/01 13:31:17.323, NVIDIA GeForce RTX 4060 Laptop GPU, 100 %, 12 %, 7677 MiB, 38.58 W, 63, 2490 MHz, 8001 MHz, 0x0000000000000000
2026/05/01 13:31:17.835, NVIDIA GeForce RTX 4060 Laptop GPU, 100 %, 15 %, 7677 MiB, 38.41 W, 62, 2490 MHz, 8001 MHz, 0x0000000000000000
2026/05/01 13:31:18.341, NVIDIA GeForce RTX 4060 Laptop GPU, 100 %, 13 %, 7677 MiB, 38.20 W, 63, 2490 MHz, 8001 MHz, 0x0000000000000000
2026/05/01 13:31:18.851, NVIDIA GeForce RTX 4060 Laptop GPU, 100 %, 13 %, 7677 MiB, 38.23 W, 62, 2490 MHz, 8001 MHz, 0x0000000000000000
2026/05/01 13:31:19.357, NVIDIA GeForce RTX 4060 Laptop GPU, 100 %, 12 %, 7677 MiB, 38.10 W, 63, 2490 MHz, 8001 MHz, 0x0000000000000000
2026/05/01 13:31:19.859, NVIDIA GeForce RTX 4060 Laptop GPU, 100 %, 14 %, 7677 MiB, 38.19 W, 62, 2490 MHz, 8001 MHz, 0x0000000000000000
2026/05/01 13:31:20.369, NVIDIA GeForce RTX 4060 Laptop GPU, 100 %, 13 %, 7677 MiB, 38.50 W, 62, 2490 MHz, 8001 MHz, 0x0000000000000000
2026/05/01 13:31:20.870, NVIDIA GeForce RTX 4060 Laptop GPU, 100 %, 12 %, 7677 MiB, 38.23 W, 62, 2490 MHz, 8001 MHz, 0x0000000000000000
2026/05/01 13:31:21.382, NVIDIA GeForce RTX 4060 Laptop GPU, 100 %, 13 %, 7677 MiB, 38.18 W, 62, 2490 MHz, 8001 MHz, 0x0000000000000000
2026/05/01 13:31:21.886, NVIDIA GeForce RTX 4060 Laptop GPU, 100 %, 13 %, 7677 MiB, 38.41 W, 62, 2490 MHz, 8001 MHz, 0x0000000000000000
2026/05/01 13:31:22.396, NVIDIA GeForce RTX 4060 Laptop GPU, 100 %, 13 %, 7677 MiB, 38.54 W, 62, 2490 MHz, 8001 MHz, 0x0000000000000000
2026/05/01 13:31:22.906, NVIDIA GeForce RTX 4060 Laptop GPU, 100 %, 10 %, 7676 MiB, 38.32 W, 62, 2490 MHz, 8001 MHz, 0x0000000000000000
2026/05/01 13:31:23.408, NVIDIA GeForce RTX 4060 Laptop GPU, 100 %, 18 %, 7676 MiB, 38.68 W, 62, 2490 MHz, 8001 MHz, 0x0000000000000000
2026/05/01 13:31:23.919, NVIDIA GeForce RTX 4060 Laptop GPU, 100 %, 15 %, 7676 MiB, 39.01 W, 62, 2490 MHz, 8001 MHz, 0x0000000000000000
2026/05/01 13:31:24.432, NVIDIA GeForce RTX 4060 Laptop GPU, 100 %, 16 %, 7676 MiB, 39.40 W, 62, 2490 MHz, 8001 MHz, 0x0000000000000000
2026/05/01 13:31:24.933, NVIDIA GeForce RTX 4060 Laptop GPU, 100 %, 13 %, 7676 MiB, 38.94 W, 62, 2490 MHz, 8001 MHz, 0x0000000000000000
2026/05/01 13:31:25.443, NVIDIA GeForce RTX 4060 Laptop GPU, 100 %, 16 %, 5406 MiB, 38.64 W, 63, 2490 MHz, 8001 MHz, 0x0000000000000000
2026/05/01 13:31:25.950, NVIDIA GeForce RTX 4060 Laptop GPU, 2 %, 0 %, 103 MiB, 31.69 W, 60, 2490 MHz, 8001 MHz, 0x0000000000000000
2026/05/01 13:31:26.452, NVIDIA GeForce RTX 4060 Laptop GPU, 0 %, 0 %, 103 MiB, 23.05 W, 60, 2490 MHz, 8001 MHz, 0x0000000000000000
2026/05/01 13:31:26.954, NVIDIA GeForce RTX 4060 Laptop GPU, 1 %, 0 %, 909 MiB, 23.11 W, 60, 2490 MHz, 8001 MHz, 0x0000000000000000
2026/05/01 13:31:27.463, NVIDIA GeForce RTX 4060 Laptop GPU, 20 %, 2 %, 2753 MiB, 21.42 W, 60, 2250 MHz, 8001 MHz, 0x0000000000000001
2026/05/01 13:31:27.971, NVIDIA GeForce RTX 4060 Laptop GPU, 28 %, 3 %, 4499 MiB, 22.35 W, 59, 2250 MHz, 8001 MHz, 0x0000000000000001
2026/05/01 13:31:28.473, NVIDIA GeForce RTX 4060 Laptop GPU, 27 %, 3 %, 6710 MiB, 20.96 W, 59, 2250 MHz, 8001 MHz, 0x0000000000000001
2026/05/01 13:31:28.974, NVIDIA GeForce RTX 4060 Laptop GPU, 31 %, 4 %, 7670 MiB, 23.49 W, 59, 2250 MHz, 8001 MHz, 0x0000000000000001
2026/05/01 13:31:29.475, NVIDIA GeForce RTX 4060 Laptop GPU, 60 %, 10 %, 7675 MiB, 28.40 W, 59, 2490 MHz, 7001 MHz, 0x0000000000000000
2026/05/01 13:31:29.981, NVIDIA GeForce RTX 4060 Laptop GPU, 43 %, 3 %, 7620 MiB, 24.79 W, 60, 2490 MHz, 8001 MHz, 0x0000000000000000
2026/05/01 13:31:30.491, NVIDIA GeForce RTX 4060 Laptop GPU, 67 %, 5 %, 7749 MiB, 28.85 W, 60, 2490 MHz, 8001 MHz, 0x0000000000000000
2026/05/01 13:31:30.997, NVIDIA GeForce RTX 4060 Laptop GPU, 47 %, 7 %, 7751 MiB, 30.48 W, 62, 2490 MHz, 8001 MHz, 0x0000000000000000
2026/05/01 13:31:31.498, NVIDIA GeForce RTX 4060 Laptop GPU, 82 %, 13 %, 7706 MiB, 34.31 W, 61, 2490 MHz, 8001 MHz, 0x0000000000000000
2026/05/01 13:31:32.008, NVIDIA GeForce RTX 4060 Laptop GPU, 100 %, 12 %, 7716 MiB, 38.05 W, 62, 2490 MHz, 8001 MHz, 0x0000000000000000
2026/05/01 13:31:32.516, NVIDIA GeForce RTX 4060 Laptop GPU, 82 %, 8 %, 7728 MiB, 36.81 W, 63, 2490 MHz, 8001 MHz, 0x0000000000000000
2026/05/01 13:31:33.019, NVIDIA GeForce RTX 4060 Laptop GPU, 91 %, 14 %, 7728 MiB, 37.41 W, 62, 2490 MHz, 8001 MHz, 0x0000000000000000
2026/05/01 13:31:33.531, NVIDIA GeForce RTX 4060 Laptop GPU, 0 %, 0 %, 7722 MiB, 23.12 W, 61, 2490 MHz, 8001 MHz, 0x0000000000000000
2026/05/01 13:31:34.037, NVIDIA GeForce RTX 4060 Laptop GPU, 100 %, 8 %, 7724 MiB, 35.30 W, 62, 2490 MHz, 8001 MHz, 0x0000000000000000
2026/05/01 13:31:34.541, NVIDIA GeForce RTX 4060 Laptop GPU, 100 %, 11 %, 7724 MiB, 35.72 W, 62, 2490 MHz, 8001 MHz, 0x0000000000000000
2026/05/01 13:31:35.050, NVIDIA GeForce RTX 4060 Laptop GPU, 100 %, 15 %, 7722 MiB, 38.55 W, 63, 2490 MHz, 8001 MHz, 0x0000000000000000
2026/05/01 13:31:35.553, NVIDIA GeForce RTX 4060 Laptop GPU, 100 %, 13 %, 7722 MiB, 37.30 W, 62, 2490 MHz, 8001 MHz, 0x0000000000000000
2026/05/01 13:31:36.055, NVIDIA GeForce RTX 4060 Laptop GPU, 100 %, 15 %, 7722 MiB, 37.22 W, 62, 2490 MHz, 8001 MHz, 0x0000000000000000
2026/05/01 13:31:36.558, NVIDIA GeForce RTX 4060 Laptop GPU, 100 %, 9 %, 7724 MiB, 37.14 W, 62, 2490 MHz, 8001 MHz, 0x0000000000000000
2026/05/01 13:31:37.064, NVIDIA GeForce RTX 4060 Laptop GPU, 100 %, 11 %, 7725 MiB, 36.96 W, 62, 2490 MHz, 8001 MHz, 0x0000000000000000
2026/05/01 13:31:37.574, NVIDIA GeForce RTX 4060 Laptop GPU, 100 %, 15 %, 7725 MiB, 36.75 W, 63, 2490 MHz, 8001 MHz, 0x0000000000000000
2026/05/01 13:31:38.075, NVIDIA GeForce RTX 4060 Laptop GPU, 100 %, 14 %, 7725 MiB, 36.90 W, 63, 2490 MHz, 8001 MHz, 0x0000000000000000
2026/05/01 13:31:38.581, NVIDIA GeForce RTX 4060 Laptop GPU, 100 %, 11 %, 7726 MiB, 36.71 W, 62, 2490 MHz, 8001 MHz, 0x0000000000000000
2026/05/01 13:31:39.094, NVIDIA GeForce RTX 4060 Laptop GPU, 100 %, 16 %, 7727 MiB, 36.88 W, 62, 2490 MHz, 8001 MHz, 0x0000000000000000
2026/05/01 13:31:39.597, NVIDIA GeForce RTX 4060 Laptop GPU, 100 %, 9 %, 7727 MiB, 36.59 W, 62, 2490 MHz, 8001 MHz, 0x0000000000000000
2026/05/01 13:31:40.112, NVIDIA GeForce RTX 4060 Laptop GPU, 100 %, 7 %, 7727 MiB, 36.02 W, 61, 2490 MHz, 8001 MHz, 0x0000000000000000
2026/05/01 13:31:40.624, NVIDIA GeForce RTX 4060 Laptop GPU, 100 %, 16 %, 7728 MiB, 36.10 W, 62, 2490 MHz, 8001 MHz, 0x0000000000000000
2026/05/01 13:31:41.126, NVIDIA GeForce RTX 4060 Laptop GPU, 100 %, 9 %, 7728 MiB, 36.23 W, 62, 2490 MHz, 8001 MHz, 0x0000000000000000
2026/05/01 13:31:41.627, NVIDIA GeForce RTX 4060 Laptop GPU, 100 %, 14 %, 7728 MiB, 37.10 W, 63, 2490 MHz, 8001 MHz, 0x0000000000000000
2026/05/01 13:31:42.129, NVIDIA GeForce RTX 4060 Laptop GPU, 100 %, 14 %, 7729 MiB, 37.38 W, 62, 2490 MHz, 8001 MHz, 0x0000000000000000
2026/05/01 13:31:42.639, NVIDIA GeForce RTX 4060 Laptop GPU, 100 %, 17 %, 7729 MiB, 37.86 W, 62, 2490 MHz, 8001 MHz, 0x0000000000000000
2026/05/01 13:31:43.142, NVIDIA GeForce RTX 4060 Laptop GPU, 100 %, 13 %, 7692 MiB, 37.31 W, 62, 2490 MHz, 8001 MHz, 0x0000000000000000
2026/05/01 13:31:43.650, NVIDIA GeForce RTX 4060 Laptop GPU, 100 %, 15 %, 7692 MiB, 37.49 W, 62, 2490 MHz, 8001 MHz, 0x0000000000000000
2026/05/01 13:31:44.151, NVIDIA GeForce RTX 4060 Laptop GPU, 100 %, 19 %, 7692 MiB, 38.18 W, 63, 2490 MHz, 8001 MHz, 0x0000000000000000
2026/05/01 13:31:44.660, NVIDIA GeForce RTX 4060 Laptop GPU, 100 %, 14 %, 7692 MiB, 38.00 W, 63, 2490 MHz, 8001 MHz, 0x0000000000000000
2026/05/01 13:31:45.173, NVIDIA GeForce RTX 4060 Laptop GPU, 100 %, 10 %, 7692 MiB, 38.16 W, 62, 2490 MHz, 8001 MHz, 0x0000000000000000
2026/05/01 13:31:45.674, NVIDIA GeForce RTX 4060 Laptop GPU, 100 %, 22 %, 7692 MiB, 38.52 W, 62, 2490 MHz, 8001 MHz, 0x0000000000000000
2026/05/01 13:31:46.182, NVIDIA GeForce RTX 4060 Laptop GPU, 100 %, 16 %, 7692 MiB, 37.94 W, 62, 2490 MHz, 8001 MHz, 0x0000000000000000
2026/05/01 13:31:46.688, NVIDIA GeForce RTX 4060 Laptop GPU, 100 %, 11 %, 7692 MiB, 38.13 W, 62, 2490 MHz, 8001 MHz, 0x0000000000000000
2026/05/01 13:31:47.200, NVIDIA GeForce RTX 4060 Laptop GPU, 100 %, 21 %, 7692 MiB, 38.21 W, 62, 2490 MHz, 8001 MHz, 0x0000000000000000
2026/05/01 13:31:47.701, NVIDIA GeForce RTX 4060 Laptop GPU, 100 %, 17 %, 7694 MiB, 37.60 W, 62, 2490 MHz, 8001 MHz, 0x0000000000000000
2026/05/01 13:31:48.212, NVIDIA GeForce RTX 4060 Laptop GPU, 85 %, 10 %, 7716 MiB, 35.64 W, 61, 2490 MHz, 8001 MHz, 0x0000000000000000
2026/05/01 13:31:48.718, NVIDIA GeForce RTX 4060 Laptop GPU, 41 %, 4 %, 7705 MiB, 23.89 W, 60, 2490 MHz, 8001 MHz, 0x0000000000000000
2026/05/01 13:31:49.224, NVIDIA GeForce RTX 4060 Laptop GPU, 100 %, 3 %, 7764 MiB, 27.02 W, 61, 2490 MHz, 8001 MHz, 0x0000000000000000
2026/05/01 13:31:49.735, NVIDIA GeForce RTX 4060 Laptop GPU, 88 %, 10 %, 7746 MiB, 35.04 W, 61, 2490 MHz, 8001 MHz, 0x0000000000000000
2026/05/01 13:31:50.241, NVIDIA GeForce RTX 4060 Laptop GPU, 100 %, 8 %, 7685 MiB, 33.67 W, 62, 2490 MHz, 8001 MHz, 0x0000000000000000
2026/05/01 13:31:50.746, NVIDIA GeForce RTX 4060 Laptop GPU, 95 %, 12 %, 7685 MiB, 40.38 W, 62, 2490 MHz, 8001 MHz, 0x0000000000000000
2026/05/01 13:31:51.254, NVIDIA GeForce RTX 4060 Laptop GPU, 93 %, 12 %, 7696 MiB, 29.43 W, 62, 2490 MHz, 8001 MHz, 0x0000000000000000
2026/05/01 13:31:51.758, NVIDIA GeForce RTX 4060 Laptop GPU, 100 %, 13 %, 7721 MiB, 36.33 W, 62, 2490 MHz, 8001 MHz, 0x0000000000000000
2026/05/01 13:31:52.268, NVIDIA GeForce RTX 4060 Laptop GPU, 100 %, 10 %, 7721 MiB, 36.51 W, 63, 2490 MHz, 8001 MHz, 0x0000000000000000
2026/05/01 13:31:52.768, NVIDIA GeForce RTX 4060 Laptop GPU, 100 %, 14 %, 7721 MiB, 37.29 W, 62, 2490 MHz, 8001 MHz, 0x0000000000000000
2026/05/01 13:31:53.278, NVIDIA GeForce RTX 4060 Laptop GPU, 100 %, 7 %, 7721 MiB, 36.21 W, 62, 2490 MHz, 8001 MHz, 0x0000000000000000
2026/05/01 13:31:53.790, NVIDIA GeForce RTX 4060 Laptop GPU, 100 %, 19 %, 7721 MiB, 37.03 W, 62, 2490 MHz, 8001 MHz, 0x0000000000000000
2026/05/01 13:31:54.293, NVIDIA GeForce RTX 4060 Laptop GPU, 100 %, 12 %, 7649 MiB, 36.74 W, 62, 2490 MHz, 8001 MHz, 0x0000000000000000
2026/05/01 13:31:54.795, NVIDIA GeForce RTX 4060 Laptop GPU, 100 %, 19 %, 7649 MiB, 37.98 W, 63, 2490 MHz, 8001 MHz, 0x0000000000000000
2026/05/01 13:31:55.306, NVIDIA GeForce RTX 4060 Laptop GPU, 100 %, 21 %, 7650 MiB, 39.88 W, 62, 2490 MHz, 8001 MHz, 0x0000000000000000
2026/05/01 13:31:55.807, NVIDIA GeForce RTX 4060 Laptop GPU, 100 %, 21 %, 7650 MiB, 41.01 W, 62, 2490 MHz, 8001 MHz, 0x0000000000000000
2026/05/01 13:31:56.317, NVIDIA GeForce RTX 4060 Laptop GPU, 100 %, 17 %, 7651 MiB, 41.00 W, 63, 2490 MHz, 8001 MHz, 0x0000000000000000
2026/05/01 13:31:56.819, NVIDIA GeForce RTX 4060 Laptop GPU, 100 %, 24 %, 7652 MiB, 41.09 W, 63, 2490 MHz, 8001 MHz, 0x0000000000000000
2026/05/01 13:31:57.331, NVIDIA GeForce RTX 4060 Laptop GPU, 100 %, 25 %, 7652 MiB, 41.09 W, 62, 2490 MHz, 8001 MHz, 0x0000000000000000
2026/05/01 13:31:57.832, NVIDIA GeForce RTX 4060 Laptop GPU, 100 %, 17 %, 7652 MiB, 40.91 W, 63, 2490 MHz, 8001 MHz, 0x0000000000000000
2026/05/01 13:31:58.335, NVIDIA GeForce RTX 4060 Laptop GPU, 100 %, 20 %, 7652 MiB, 41.10 W, 63, 2490 MHz, 8001 MHz, 0x0000000000000000
2026/05/01 13:31:58.846, NVIDIA GeForce RTX 4060 Laptop GPU, 100 %, 23 %, 7652 MiB, 41.26 W, 63, 2490 MHz, 8001 MHz, 0x0000000000000000
2026/05/01 13:31:59.355, NVIDIA GeForce RTX 4060 Laptop GPU, 100 %, 21 %, 7652 MiB, 41.52 W, 62, 2490 MHz, 8001 MHz, 0x0000000000000000
2026/05/01 13:31:59.864, NVIDIA GeForce RTX 4060 Laptop GPU, 100 %, 19 %, 7721 MiB, 41.23 W, 63, 2490 MHz, 8001 MHz, 0x0000000000000000
2026/05/01 13:32:00.371, NVIDIA GeForce RTX 4060 Laptop GPU, 100 %, 21 %, 7720 MiB, 41.24 W, 62, 2490 MHz, 8001 MHz, 0x0000000000000000
2026/05/01 13:32:00.882, NVIDIA GeForce RTX 4060 Laptop GPU, 100 %, 21 %, 7720 MiB, 42.14 W, 63, 2490 MHz, 8001 MHz, 0x0000000000000000
2026/05/01 13:32:01.383, NVIDIA GeForce RTX 4060 Laptop GPU, 100 %, 19 %, 7720 MiB, 43.10 W, 62, 2490 MHz, 8001 MHz, 0x0000000000000000
2026/05/01 13:32:01.891, NVIDIA GeForce RTX 4060 Laptop GPU, 100 %, 27 %, 7720 MiB, 44.08 W, 63, 2490 MHz, 8001 MHz, 0x0000000000000000
2026/05/01 13:32:02.398, NVIDIA GeForce RTX 4060 Laptop GPU, 100 %, 26 %, 7720 MiB, 43.99 W, 63, 2490 MHz, 8001 MHz, 0x0000000000000000
2026/05/01 13:32:02.901, NVIDIA GeForce RTX 4060 Laptop GPU, 100 %, 26 %, 7720 MiB, 43.97 W, 63, 2490 MHz, 8001 MHz, 0x0000000000000000
2026/05/01 13:32:03.403, NVIDIA GeForce RTX 4060 Laptop GPU, 100 %, 17 %, 5938 MiB, 43.46 W, 63, 2490 MHz, 8001 MHz, 0x0000000000000000
2026/05/01 13:32:03.903, NVIDIA GeForce RTX 4060 Laptop GPU, 2 %, 0 %, 88 MiB, 34.31 W, 60, 2490 MHz, 8001 MHz, 0x0000000000000000
2026/05/01 13:32:04.405, NVIDIA GeForce RTX 4060 Laptop GPU, 0 %, 0 %, 88 MiB, 23.01 W, 60, 2490 MHz, 8001 MHz, 0x0000000000000000
2026/05/01 13:32:04.911, NVIDIA GeForce RTX 4060 Laptop GPU, 1 %, 0 %, 342 MiB, 23.07 W, 60, 2490 MHz, 8001 MHz, 0x0000000000000000
2026/05/01 13:32:05.412, NVIDIA GeForce RTX 4060 Laptop GPU, 24 %, 2 %, 1769 MiB, 22.11 W, 59, 2250 MHz, 8001 MHz, 0x0000000000000001
2026/05/01 13:32:05.914, NVIDIA GeForce RTX 4060 Laptop GPU, 23 %, 2 %, 3245 MiB, 21.67 W, 59, 2250 MHz, 8001 MHz, 0x0000000000000001
2026/05/01 13:32:06.416, NVIDIA GeForce RTX 4060 Laptop GPU, 25 %, 2 %, 4400 MiB, 21.74 W, 59, 2250 MHz, 8001 MHz, 0x0000000000000001
2026/05/01 13:32:06.917, NVIDIA GeForce RTX 4060 Laptop GPU, 20 %, 1 %, 5336 MiB, 21.21 W, 59, 2250 MHz, 8001 MHz, 0x0000000000000001
2026/05/01 13:32:07.421, NVIDIA GeForce RTX 4060 Laptop GPU, 23 %, 2 %, 7289 MiB, 22.42 W, 60, 2250 MHz, 8001 MHz, 0x0000000000000001
2026/05/01 13:32:07.922, NVIDIA GeForce RTX 4060 Laptop GPU, 90 %, 21 %, 7906 MiB, 23.74 W, 60, 2490 MHz, 7001 MHz, 0x0000000000000001
2026/05/01 13:32:08.427, NVIDIA GeForce RTX 4060 Laptop GPU, 95 %, 70 %, 7898 MiB, 45.54 W, 66, 2490 MHz, 8001 MHz, 0x0000000000000000
2026/05/01 13:32:08.939, NVIDIA GeForce RTX 4060 Laptop GPU, 100 %, 100 %, 7891 MiB, 86.48 W, 68, 2430 MHz, 8001 MHz, 0x0000000000000004
2026/05/01 13:32:09.443, NVIDIA GeForce RTX 4060 Laptop GPU, 61 %, 5 %, 7885 MiB, 27.93 W, 61, 2490 MHz, 8001 MHz, 0x0000000000000000
2026/05/01 13:32:09.947, NVIDIA GeForce RTX 4060 Laptop GPU, 100 %, 100 %, 7885 MiB, 85.23 W, 68, 2490 MHz, 8001 MHz, 0x0000000000000000
2026/05/01 13:32:10.448, NVIDIA GeForce RTX 4060 Laptop GPU, 76 %, 55 %, 7859 MiB, 60.15 W, 64, 2490 MHz, 8001 MHz, 0x0000000000000000
2026/05/01 13:32:10.963, NVIDIA GeForce RTX 4060 Laptop GPU, 96 %, 27 %, 7859 MiB, 60.91 W, 66, 2490 MHz, 8001 MHz, 0x0000000000000000
2026/05/01 13:32:11.463, NVIDIA GeForce RTX 4060 Laptop GPU, 100 %, 100 %, 7861 MiB, 87.00 W, 69, 2490 MHz, 8001 MHz, 0x0000000000000000
2026/05/01 13:32:11.969, NVIDIA GeForce RTX 4060 Laptop GPU, 93 %, 87 %, 7859 MiB, 64.79 W, 66, 2490 MHz, 8001 MHz, 0x0000000000000000
2026/05/01 13:32:12.473, NVIDIA GeForce RTX 4060 Laptop GPU, 100 %, 100 %, 7869 MiB, 67.29 W, 70, 2490 MHz, 8001 MHz, 0x0000000000000000
2026/05/01 13:32:12.979, NVIDIA GeForce RTX 4060 Laptop GPU, 93 %, 33 %, 7864 MiB, 69.13 W, 67, 2490 MHz, 8001 MHz, 0x0000000000000000
2026/05/01 13:32:13.481, NVIDIA GeForce RTX 4060 Laptop GPU, 100 %, 100 %, 7866 MiB, 69.67 W, 70, 2490 MHz, 8001 MHz, 0x0000000000000000
2026/05/01 13:32:13.984, NVIDIA GeForce RTX 4060 Laptop GPU, 83 %, 14 %, 7833 MiB, 69.00 W, 64, 2490 MHz, 8001 MHz, 0x0000000000000000
2026/05/01 13:32:14.494, NVIDIA GeForce RTX 4060 Laptop GPU, 100 %, 100 %, 7833 MiB, 69.87 W, 70, 2490 MHz, 8001 MHz, 0x0000000000000000
2026/05/01 13:32:14.998, NVIDIA GeForce RTX 4060 Laptop GPU, 63 %, 16 %, 7850 MiB, 68.78 W, 65, 2490 MHz, 8001 MHz, 0x0000000000000000
2026/05/01 13:32:15.509, NVIDIA GeForce RTX 4060 Laptop GPU, 100 %, 100 %, 7850 MiB, 69.29 W, 69, 2490 MHz, 8001 MHz, 0x0000000000000000
2026/05/01 13:32:16.013, NVIDIA GeForce RTX 4060 Laptop GPU, 100 %, 100 %, 7847 MiB, 69.29 W, 67, 2490 MHz, 8001 MHz, 0x0000000000000000
2026/05/01 13:32:16.523, NVIDIA GeForce RTX 4060 Laptop GPU, 99 %, 66 %, 7847 MiB, 69.91 W, 69, 2490 MHz, 8001 MHz, 0x0000000000000000
2026/05/01 13:32:17.033, NVIDIA GeForce RTX 4060 Laptop GPU, 100 %, 100 %, 7836 MiB, 70.11 W, 70, 2490 MHz, 8001 MHz, 0x0000000000000000
2026/05/01 13:32:17.544, NVIDIA GeForce RTX 4060 Laptop GPU, 99 %, 20 %, 7836 MiB, 69.17 W, 67, 2490 MHz, 8001 MHz, 0x0000000000000000
2026/05/01 13:32:18.045, NVIDIA GeForce RTX 4060 Laptop GPU, 100 %, 100 %, 7830 MiB, 69.54 W, 70, 2490 MHz, 8001 MHz, 0x0000000000000000
2026/05/01 13:32:18.555, NVIDIA GeForce RTX 4060 Laptop GPU, 100 %, 81 %, 7830 MiB, 69.77 W, 66, 2490 MHz, 8001 MHz, 0x0000000000000000
2026/05/01 13:32:19.057, NVIDIA GeForce RTX 4060 Laptop GPU, 100 %, 100 %, 7804 MiB, 71.56 W, 71, 2490 MHz, 8001 MHz, 0x0000000000000000
2026/05/01 13:32:19.561, NVIDIA GeForce RTX 4060 Laptop GPU, 98 %, 76 %, 7804 MiB, 71.56 W, 69, 2490 MHz, 8001 MHz, 0x0000000000000000
2026/05/01 13:32:20.061, NVIDIA GeForce RTX 4060 Laptop GPU, 100 %, 100 %, 7802 MiB, 71.16 W, 71, 2490 MHz, 8001 MHz, 0x0000000000000000
2026/05/01 13:32:20.563, NVIDIA GeForce RTX 4060 Laptop GPU, 99 %, 32 %, 7802 MiB, 70.35 W, 69, 2490 MHz, 8001 MHz, 0x0000000000000000
2026/05/01 13:32:21.063, NVIDIA GeForce RTX 4060 Laptop GPU, 100 %, 100 %, 7802 MiB, 72.01 W, 71, 2490 MHz, 8001 MHz, 0x0000000000000000
2026/05/01 13:32:21.565, NVIDIA GeForce RTX 4060 Laptop GPU, 98 %, 16 %, 7802 MiB, 69.70 W, 67, 2490 MHz, 8001 MHz, 0x0000000000000000
2026/05/01 13:32:22.075, NVIDIA GeForce RTX 4060 Laptop GPU, 100 %, 100 %, 7805 MiB, 71.72 W, 71, 2490 MHz, 8001 MHz, 0x0000000000000000
2026/05/01 13:32:22.585, NVIDIA GeForce RTX 4060 Laptop GPU, 77 %, 10 %, 7802 MiB, 69.55 W, 66, 2490 MHz, 8001 MHz, 0x0000000000000000
2026/05/01 13:32:23.095, NVIDIA GeForce RTX 4060 Laptop GPU, 100 %, 100 %, 7805 MiB, 70.96 W, 71, 2490 MHz, 8001 MHz, 0x0000000000000000
2026/05/01 13:32:23.598, NVIDIA GeForce RTX 4060 Laptop GPU, 72 %, 43 %, 7788 MiB, 69.28 W, 66, 2490 MHz, 8001 MHz, 0x0000000000000000
2026/05/01 13:32:24.108, NVIDIA GeForce RTX 4060 Laptop GPU, 100 %, 100 %, 7788 MiB, 70.49 W, 71, 2490 MHz, 8001 MHz, 0x0000000000000000
2026/05/01 13:32:24.610, NVIDIA GeForce RTX 4060 Laptop GPU, 100 %, 100 %, 4731 MiB, 70.63 W, 69, 2490 MHz, 8001 MHz, 0x0000000000000000
2026/05/01 13:32:25.119, NVIDIA GeForce RTX 4060 Laptop GPU, 1 %, 0 %, 77 MiB, 23.65 W, 63, 2490 MHz, 8001 MHz, 0x0000000000000000
2026/05/01 13:32:25.628, NVIDIA GeForce RTX 4060 Laptop GPU, 0 %, 0 %, 77 MiB, 23.80 W, 63, 2490 MHz, 8001 MHz, 0x0000000000000000
2026/05/01 13:32:26.138, NVIDIA GeForce RTX 4060 Laptop GPU, 39 %, 0 %, 100 MiB, 22.83 W, 62, 2250 MHz, 8001 MHz, 0x0000000000000001
2026/05/01 13:32:26.642, NVIDIA GeForce RTX 4060 Laptop GPU, 27 %, 3 %, 1286 MiB, 22.06 W, 62, 2250 MHz, 8001 MHz, 0x0000000000000001
2026/05/01 13:32:27.151, NVIDIA GeForce RTX 4060 Laptop GPU, 24 %, 2 %, 2739 MiB, 22.08 W, 62, 2250 MHz, 8001 MHz, 0x0000000000000001
2026/05/01 13:32:27.656, NVIDIA GeForce RTX 4060 Laptop GPU, 23 %, 2 %, 4059 MiB, 22.23 W, 62, 2250 MHz, 8001 MHz, 0x0000000000000001
2026/05/01 13:32:28.157, NVIDIA GeForce RTX 4060 Laptop GPU, 17 %, 1 %, 4864 MiB, 21.74 W, 62, 2250 MHz, 8001 MHz, 0x0000000000000001
2026/05/01 13:32:28.666, NVIDIA GeForce RTX 4060 Laptop GPU, 28 %, 3 %, 6530 MiB, 20.98 W, 62, 1530 MHz, 8001 MHz, 0x0000000000000001
2026/05/01 13:32:29.174, NVIDIA GeForce RTX 4060 Laptop GPU, 79 %, 15 %, 7774 MiB, 17.32 W, 61, 1470 MHz, 7001 MHz, 0x0000000000000001
2026/05/01 13:32:29.682, NVIDIA GeForce RTX 4060 Laptop GPU, 35 %, 3 %, 7905 MiB, 25.71 W, 63, 2490 MHz, 8001 MHz, 0x0000000000000000
2026/05/01 13:32:30.189, NVIDIA GeForce RTX 4060 Laptop GPU, 39 %, 5 %, 7889 MiB, 27.27 W, 63, 2490 MHz, 8001 MHz, 0x0000000000000000
2026/05/01 13:32:30.692, NVIDIA GeForce RTX 4060 Laptop GPU, 100 %, 100 %, 7888 MiB, 90.26 W, 71, 2430 MHz, 8001 MHz, 0x0000000000000004
2026/05/01 13:32:31.199, NVIDIA GeForce RTX 4060 Laptop GPU, 100 %, 100 %, 7889 MiB, 102.66 W, 69, 2490 MHz, 8001 MHz, 0x0000000000000000
2026/05/01 13:32:31.702, NVIDIA GeForce RTX 4060 Laptop GPU, 100 %, 100 %, 7891 MiB, 92.05 W, 73, 2445 MHz, 8001 MHz, 0x0000000000000000
2026/05/01 13:32:32.204, NVIDIA GeForce RTX 4060 Laptop GPU, 100 %, 100 %, 7891 MiB, 89.30 W, 72, 2490 MHz, 8001 MHz, 0x0000000000000000
2026/05/01 13:32:32.711, NVIDIA GeForce RTX 4060 Laptop GPU, 45 %, 5 %, 7876 MiB, 47.92 W, 64, 2490 MHz, 8001 MHz, 0x0000000000000000
2026/05/01 13:32:33.219, NVIDIA GeForce RTX 4060 Laptop GPU, 69 %, 11 %, 7868 MiB, 30.29 W, 67, 2490 MHz, 7001 MHz, 0x0000000000000000
2026/05/01 13:32:33.723, NVIDIA GeForce RTX 4060 Laptop GPU, 69 %, 17 %, 7873 MiB, 34.35 W, 65, 2490 MHz, 7001 MHz, 0x0000000000000000
2026/05/01 13:32:34.224, NVIDIA GeForce RTX 4060 Laptop GPU, 100 %, 100 %, 7869 MiB, 87.38 W, 72, 2490 MHz, 8001 MHz, 0x0000000000000000
2026/05/01 13:32:34.725, NVIDIA GeForce RTX 4060 Laptop GPU, 100 %, 100 %, 7869 MiB, 88.88 W, 73, 2490 MHz, 8001 MHz, 0x0000000000000000
2026/05/01 13:32:35.238, NVIDIA GeForce RTX 4060 Laptop GPU, 100 %, 100 %, 7870 MiB, 87.97 W, 73, 2490 MHz, 8001 MHz, 0x0000000000000000
2026/05/01 13:32:35.740, NVIDIA GeForce RTX 4060 Laptop GPU, 85 %, 67 %, 7862 MiB, 83.68 W, 68, 2490 MHz, 8001 MHz, 0x0000000000000000
2026/05/01 13:32:36.249, NVIDIA GeForce RTX 4060 Laptop GPU, 83 %, 28 %, 7853 MiB, 56.33 W, 65, 2490 MHz, 8001 MHz, 0x0000000000000000
2026/05/01 13:32:36.752, NVIDIA GeForce RTX 4060 Laptop GPU, 100 %, 99 %, 7853 MiB, 85.47 W, 72, 2490 MHz, 8001 MHz, 0x0000000000000000
2026/05/01 13:32:37.260, NVIDIA GeForce RTX 4060 Laptop GPU, 100 %, 98 %, 7853 MiB, 86.20 W, 72, 2490 MHz, 8001 MHz, 0x0000000000000000
2026/05/01 13:32:37.771, NVIDIA GeForce RTX 4060 Laptop GPU, 100 %, 100 %, 7853 MiB, 87.77 W, 73, 2490 MHz, 8001 MHz, 0x0000000000000000
2026/05/01 13:32:38.272, NVIDIA GeForce RTX 4060 Laptop GPU, 73 %, 47 %, 7837 MiB, 84.66 W, 67, 2490 MHz, 8001 MHz, 0x0000000000000000
2026/05/01 13:32:38.780, NVIDIA GeForce RTX 4060 Laptop GPU, 99 %, 20 %, 7842 MiB, 44.41 W, 69, 2490 MHz, 8001 MHz, 0x0000000000000000
2026/05/01 13:32:39.284, NVIDIA GeForce RTX 4060 Laptop GPU, 100 %, 100 %, 7842 MiB, 85.44 W, 73, 2490 MHz, 8001 MHz, 0x0000000000000000
2026/05/01 13:32:39.789, NVIDIA GeForce RTX 4060 Laptop GPU, 100 %, 96 %, 7842 MiB, 86.16 W, 73, 2490 MHz, 8001 MHz, 0x0000000000000000
2026/05/01 13:32:40.290, NVIDIA GeForce RTX 4060 Laptop GPU, 100 %, 100 %, 7841 MiB, 86.83 W, 73, 2490 MHz, 8001 MHz, 0x0000000000000000
2026/05/01 13:32: